id,tweets,likes,retweets,Tweet_Score,time,followers,friends,User_Score,location,key_word,inclakeontario
1.46612E+18,"30 Days of Giving 2021, day 6: Students at @sunyoswego take on the initiative of keeping #LakeOntario clean and inviting for people and wildlife. #SUNYGives:  https://t.co/lkHNoBuiZx",7,0,7,12/1/2021 18:55,29269,855,30979,New York,Clean,1
1.46538E+18,I have dogs.  Two BIG Bernese mountain dogs.  And three cats!  Dogs can STINK!  Grace in particular gets a nice sour smell in the summer after swimming in Lake Ontario.  It isn't known to be the https://t.co/5bfrlOlf2z #pets #cleanhouse,1,0,1,11/29/2021 18:01,420,782,1984,"Toronto, Ontario",Clean,1
1.4651E+18,"RT @NewsInOakville: If you walk through our parks or along any sidewalk, used fast-food containers are everywhere.
How can we clean up the‚Ä¶",0,3,6,11/28/2021 23:36,3226,884,4994,"Oakville, ON, Canada",Clean,1
1.46504E+18,"RT @NewsInOakville: If you walk through our parks or along any sidewalk, used fast-food containers are everywhere.
How can we clean up the‚Ä¶",0,3,6,11/28/2021 19:45,7916,558,9032,"Oakville, Ontario, Canada",Clean,1
1.465E+18,"If you walk through our parks or along any sidewalk, used fast-food containers are everywhere.
How can we clean up the lake when people just throw the trash anywhere?
@Oakvillegreen @JanieFF @MayorRobBurton @henhere @ConservHalton 
#OakvilleNews
https://t.co/tacmpi6qQr",2,3,8,11/28/2021 16:41,7916,558,9032,"Oakville, Ontario, Canada",Clean,1
1.46341E+18,"@SharonM28627721 A Canadians‚Äô perception of canada will be different depending on where you live, but we as people cannot move past this discussion without clean air to breathe or clean water to drink. my mom was able to swim in lake ontario when she wa",0,0,0,11/24/2021 7:27,296,401,1098,"‚öí ham, ont üèπ",Clean,1
1.46616E+18,"@Hubble_BTerrier We have them down the street at Lake Ontario and ours are very bold. One snatched a dog out of his yard last week. On our walks, Mum always keeps an eye out for garbage cans in case she has to stow us and sit on top! Snacks on a rope, she",4,0,4,12/1/2021 21:55,953,638,2229,"Toronto, Ontario",garbage,1
1.46609E+18,Future Environment Designs (#FEDTC) wins the 8th Annual Pro/Am PACNY Fishing Tournament on Lake Ontario https://t.co/I9QaATWuZk,0,0,0,12/1/2021 17:01,1102,2077,5256,"Syosset, New York",environment,1
1.46468E+18,"RT @WeatherManRed1: Winter Weather Travel advisory, 5-10 cm possible, Environment Canada stated possible lake enhancement and higher amount‚Ä¶",0,2,4,11/27/2021 19:45,783,773,2329,"Dundas, Ontario",environment,1
1.46467E+18,"Winter Weather Travel advisory, 5-10 cm possible, Environment Canada stated possible lake enhancement and higher amounts due to easterly winds off lake ontario! @IWeatherON Can't wait to see your snow forcast! Go winter! #onstorm",5,2,9,11/27/2021 19:17,37,10,57,,environment,1
1.46441E+18,@ReplicatorUnit @ChickeninBlack @TeresaM19445404 @TTChelps I suspect Toronto's proximity to Lake Ontario contributes to both the temperature shift and supply of moisture (or lack of ability for the environment to shed much extra here).,3,0,3,11/27/2021 1:27,2135,4720,11575,,environment,1
1.46625E+18,"Doing work (volunteer or paid) that helps others, paid work that covers bills + a little more, &amp; a respectful work environment may help work be sustainable &amp; fulfilling.",0,0,0,12/2/2021 3:43,742,2,746,,volunteer+litter+Ontario,0
1.46625E+18,"RT @PeeJayAitch: Last month was the wettest November, and the wettest month, in the past 142 years here in #Chilliwack with 615.6 millimetr‚Ä¶",0,5,10,12/2/2021 3:27,31599,2294,36187,"Chilliwack, BC",volunteer+litter+Ontario,0
1.46623E+18,"RT @PeeJayAitch: Last month was the wettest November, and the wettest month, in the past 142 years here in #Chilliwack with 615.6 millimetr‚Ä¶",0,5,10,12/2/2021 2:36,6842,3936,14714,Burnaby BC,volunteer+litter+Ontario,0
1.46623E+18,"@BenAmesy @timosh99 The problem with most shelters is they are packed, uncomfortable and dangerous. Not everyone is suited to surviving in that environment. All the city departments and volunteer groups could manage it, if they can put their own differenc",0,0,0,12/2/2021 2:19,96,275,646,"Hamilton, Ontario",volunteer+litter+Ontario,0
1.46623E+18,"RT @Amandeep1518: ""create good memories today so that u can have a good past""
Millions of volunteer of @derasachasauda do plantation,blood‚Ä¶",0,2,4,12/2/2021 2:02,432,463,1358,,volunteer+litter+Ontario,0
1.46623E+18,"RT @Amandeep1518: ""create good memories today so that u can have a good past""
Millions of volunteer of @derasachasauda do plantation,blood‚Ä¶",0,2,4,12/2/2021 1:59,21,4,29,"Rome, Lazio",volunteer+litter+Ontario,0
1.46623E+18,"""create good memories today so that u can have a good past""
Millions of volunteer of @derasachasauda do plantation,blood donation,cleanliness campaign and many more activities to protect Environment nd Humanity. These both things play vital role in our life.
#healthiswealth https://t.co/MUDM6nPigr",1,2,5,12/2/2021 1:58,954,43,1040,Ratia Haryana,volunteer+litter+Ontario,0
1.46621E+18,"RT @PeeJayAitch: Last month was the wettest November, and the wettest month, in the past 142 years here in #Chilliwack with 615.6 millimetr‚Ä¶",0,5,10,12/2/2021 0:53,101,229,559,"Chilliwack, BC",volunteer+litter+Ontario,0
1.46621E+18,"RT @PeeJayAitch: Last month was the wettest November, and the wettest month, in the past 142 years here in #Chilliwack with 615.6 millimetr‚Ä¶",0,5,10,12/2/2021 0:45,591,92,775,Chilliwack B.C.,volunteer+litter+Ontario,0
1.46621E+18,"RT @PeeJayAitch: Last month was the wettest November, and the wettest month, in the past 142 years here in #Chilliwack with 615.6 millimetr‚Ä¶",0,5,10,12/2/2021 0:41,1292,1423,4138,"Fraser Valley B.C, Canada",volunteer+litter+Ontario,0
1.4662E+18,"Last month was the wettest November, and the wettest month, in the past 142 years here in #Chilliwack with 615.6 millimetres of precipitation, according to our local volunteer weather observer for Environment Canada, Roger Pannett.
#weather",13,5,23,12/2/2021 0:37,2939,1497,5933,"Chilliwack, British Columbia",volunteer+litter+Ontario,0
1.46614E+18,RT @MindCymru: We‚Äôre hiring an Office and Volunteer Manager. If you enjoy ensuring a smoothly run working environment and have sound experi‚Ä¶,0,2,4,12/1/2021 20:13,3872,4774,13420,"Merthyr Tydfil, Wales",volunteer+litter+Ontario,0
1.46613E+18,"Apply today to become a South Dakota Master Naturalist! 
- Learn to think like a naturalist. 
- Learn about SD nature &amp; environment. 
- Contribute to citizen science.
- Volunteer in your community
Go to https://t.co/ra7mqeww7B for more info &amp; to sign up! https://t.co/mdqfSQ9Nxb",1,0,1,12/1/2021 19:56,132,88,308,"Pierre, SD",volunteer+litter+Ontario,0
1.46612E+18,"Want to help the environment &amp; volunteer? KUBAG have been removing rhododendron species from Kingston Hill woodland, so a new habitat can grow. You'll chop &amp; dig shrub out of the woodland! Interested? Sign up!

https://t.co/B5OQeUqPdF

#Kuextra #KingstonUniversity #kingstonaward https://t.co/FQM57wUfto",0,0,0,12/1/2021 19:01,45,37,119,,volunteer+litter+Ontario,0
1.46612E+18,"We're talking about PHE (Population, Health, and Environment) during our National Volunteer Call happening TOMORROW @ 5pm PT/8pm ET with Dr. Joan Castro, M.D. of PATH Foundation Philippines, Inc. (PFPI). Join us by signing up here! 
https://t.co/uhUnCnh8XB https://t.co/fH4izPGsgD",4,0,4,12/1/2021 18:49,5117,3061,11239,"Washington, DC",volunteer+litter+Ontario,0
1.46612E+18,RT @shanesmiley: @jhollymc The guy spent the day helping scrub graffiti off walls. He was a volunteer in a hostile environment. Good thing‚Ä¶,0,1,2,12/1/2021 18:45,344,926,2196,,volunteer+litter+Ontario,0
1.46608E+18,Do you enjoy being in a customer facing environment and being part of a team? Volunteer with us as a Welcome Host this festive season! A great opportunity to engage with our visitors whilst learning about London Transport's history. Apply by 7 December  https://t.co/YkQKuwPmDt,1,0,1,12/1/2021 16:30,36718,995,38708,London,volunteer+litter+Ontario,0
1.46608E+18,Take part in the Environmentally Endangered Lands Program cleanup event Dec. 11 at Florida City Pineland. You can register to volunteer at: https://t.co/Mt610vIF4S https://t.co/TRVqrFjjVd,0,0,0,12/1/2021 16:02,824,537,1898,"Miami, FL",volunteer+litter+Ontario,0
1.46606E+18,"We‚Äôre hiring an Office and Volunteer Manager. If you enjoy ensuring a smoothly run working environment and have sound experience in a PA/Office Manager role, we‚Äôd like to hear from you. Apply today &gt; https://t.co/6AfA24F7zi
#charityjobs https://t.co/XJO2GqWZjx",8,2,12,12/1/2021 15:14,12096,792,13680,Wales | Cymru,volunteer+litter+Ontario,0
1.46604E+18,RT @ffxgreen: Do you love interacting with people? Are you comfortable sharing information with others informally or via formal presentatio‚Ä¶,0,1,2,12/1/2021 13:25,987,504,1995,,volunteer+litter+Ontario,0
1.466E+18,"Sessions for this program happen once a week, on Saturdays between 3pm - 5pm. Do let us know if you can volunteer and help provide the right environment for these children

#wearecreatingfutures #lifeskills #ngo  #volunteer #togetherwecan #makeadifference #csr #csrinitiative",0,0,0,12/1/2021 10:51,122,85,292,Bangalore,volunteer+litter+Ontario,0
1.46597E+18,How one woman escaped the rat race and went off to Africa to volunteer on environmental projects https://t.co/rrg6MpSvbJ #environment #volunteering #Africa,0,0,0,12/1/2021 9:18,13598,14596,42790,South East,volunteer+litter+Ontario,0
1.46597E+18,Thinking about other environmental projects with child engagement at St Nick‚Äôs Environment Centre and adult support involvement in Converge at YSJ where I volunteer. ( engagement in community) wider/ broader collective action and POWER in numbers for action.,0,0,0,12/1/2021 9:14,3,108,219,"York, England",volunteer+litter+Ontario,0
1.46597E+18,"Please volunteer yourself and plant trees I üá∏üá∏
We more and more trees... We need Oxygen... We need healthy environment...",0,0,0,12/1/2021 8:56,134,365,864,,volunteer+litter+Ontario,0
1.46584E+18,RT @kingcountyparks: It's planting season! All the rainfall has created a hospitable environment for the native plants our Volunteer Progra‚Ä¶,0,5,10,12/1/2021 0:18,57,385,827,Seattle,volunteer+litter+Ontario,0
1.46584E+18,"If the environment needs my sperm, I'm happy to volunteer https://t.co/GYP3l6x0rW",1,0,1,12/1/2021 0:09,643,229,1101,,volunteer+litter+Ontario,0
1.46583E+18,RT @MathewsFiona: Scrub clearance has been promoted by wildlife organisations for years (all those volunteer working parties..). Tidying up‚Ä¶,0,8,16,11/30/2021 23:59,4312,4988,14288,Staying Global,volunteer+litter+Ontario,0
1.46583E+18,RT @MathewsFiona: Scrub clearance has been promoted by wildlife organisations for years (all those volunteer working parties..). Tidying up‚Ä¶,0,8,16,11/30/2021 23:50,6865,7219,21303,"London, England",volunteer+litter+Ontario,0
1.4658E+18,"@inderasakti_kl Sadly, we hv nvr been instilled in our hearts 2 care for d environment/mother nature in general incl 2 hv the hearts for the abandoned strays. I don‚Äôt remember growing up continuously getting the opportunity to ‚Äúvolunteer‚Äù via schs a",1,0,1,11/30/2021 21:42,27,124,275,,volunteer+litter+Ontario,0
1.46579E+18,Do you love interacting with people? Are you comfortable sharing information with others informally or via formal presentations? You are meant to be a #HomeWise volunteer! Learn more and apply by Dec. 10: https://t.co/V8XyXmGEFP https://t.co/Na4mvryxUw,1,1,3,11/30/2021 21:00,451,100,651,"Fairfax County, Virginia",volunteer+litter+Ontario,0
1.46576E+18,RT @kingcountyparks: It's planting season! All the rainfall has created a hospitable environment for the native plants our Volunteer Progra‚Ä¶,0,5,10,11/30/2021 19:00,1887,3326,8539,"Greater Seattle metro area, WA",volunteer+litter+Ontario,0
1.46575E+18,"RT @LordshipHub: Want to volunteer in a friendly, community environment ... to learn new work skills, to be part of your community, to make‚Ä¶",0,1,2,11/30/2021 18:11,750,1313,3376,"Tottenham, London",volunteer+litter+Ontario,0
1.46574E+18,"Get off, get outside, hug a tree, volunteer to help others, get involved IRL with saving the environment. 

Generation Z Is Forging Healthy #SocialMedia Practices for the Benefit of All https://t.co/ODKrzKya1S #politics",3,0,3,11/30/2021 17:58,2354,2710,7774,,volunteer+litter+Ontario,0
1.46574E+18,"Want to volunteer in a friendly, community environment ... to learn new work skills, to be part of your community, to make friends and build confidence? Call, email or drop in to Lordship Hub in Lordship Rec, N17 6NU to see what opportunities are there for you.
#volunteering https://t.co/dpyEF94U9p",1,1,3,11/30/2021 17:48,2178,812,3802,"Tottenham, London",volunteer+litter+Ontario,0
1.46572E+18,RT @megaphone_news: Fires ignited in #Bchamoun on Monday keep spreading due to high wind speed and rising temperatures. A volunteer #firefi‚Ä¶,0,2,4,11/30/2021 16:34,145,272,689,Lofty mountains,volunteer+litter+Ontario,0
1.46571E+18,"Today is #GivingTuesday! Come join us in giving back at https://t.co/UOod4d3X9A.

As a 100% volunteer-run organization, whether you donate to fund our mission, donate your time as a volunteer, or donate your voice to help share our platform, we thank you! #Nonprofit #Environment",0,0,0,11/30/2021 16:04,42,187,416,,volunteer+litter+Ontario,0
1.46571E+18,RT @IrisMerka: Does your environment change your way of thinking or does your thinking change your environment? @RecoTechFI @MetropoliaBiz‚Ä¶,0,1,2,11/30/2021 16:04,184,533,1250,"Helsinki, Finland ",volunteer+litter+Ontario,0
1.46571E+18,"For a nice #timelinecleanser, a story from here in #Chicago about someone taking real action to improve our environment. #AHotMess #environmentawareness    https://t.co/vKYvRG0D2f",1,0,1,11/30/2021 16:00,1068,1624,4316,Chicago,volunteer+litter+Ontario,0
1.4657E+18,"Fires ignited in #Bchamoun on Monday keep spreading due to high wind speed and rising temperatures. A volunteer #firefighter with the #civildefense suffered from burns as he attempted to put them out, 
./1
 #Fires #Forest #Environment #Lebanon https://t.co/7sdn9xV7kj",2,2,6,11/30/2021 15:27,27507,52,27611,Lebanon,volunteer+litter+Ontario,0
1.46566E+18,"International Volunteer Day, on 03 December, 2021

-VOLUNTEERISM AND ENVIRONMENT-
AN EXPERIENTIAL ACTION
AT THE MEDITERRANEAN SUBURBAN ENVIRONMENTAL PARK, CIHEAM-MAICh

Œë joint cooperation activity among the Municipality of Chania, the Forestry Directorate, and CIHEAM-MAICh. https://t.co/XfvfDdVUSc",2,0,2,11/30/2021 12:16,26,7,40,Greece,volunteer+litter+Ontario,0
1.46565E+18,"RT @JobsMatchSK: Need to recruit #volunteers for your charity, social enterprise, not-for-profit or community group? 

From how to create a‚Ä¶",0,2,4,11/30/2021 12:01,1841,4119,10079,"Denver, CO",volunteer+litter+Ontario,0
1.46565E+18,"RT @JobsMatchSK: Need to recruit #volunteers for your charity, social enterprise, not-for-profit or community group? 

From how to create a‚Ä¶",0,2,4,11/30/2021 12:00,1058,4539,10136,Antarctica,volunteer+litter+Ontario,0
1.46565E+18,"Need to recruit #volunteers for your charity, social enterprise, not-for-profit or community group? 

From how to create a targeted job description to creating a safe environment for #volunteering, check out our top tips on recruiting a volunteer here üëá

https://t.co/9aZNyib7GW https://t.co/2WxztY4SYI",1,2,5,11/30/2021 12:00,522,313,1148,Stockport,volunteer+litter+Ontario,0
1.46564E+18,"PLANT TREES: üå≥

Would you like to make a difference in the local community &amp; help the environment? Volunteer to plant 120 trees on The Sands.

Sat 4th Dec, 1.00pm-2.30pm.

Contact Mr Bains for info.

https://t.co/70XRW4kSTj

#PlantForOurFuture #NationalTreeWeek @TheTreeCouncil https://t.co/J7kVjwejKE",0,0,0,11/30/2021 11:07,3427,400,4227,Durham,volunteer+litter+Ontario,0
1.46561E+18,The active community volunteer with the National Environment Agency (NEA) adds: ‚ÄúIt‚Äôs important for a small group to lead and show the way. https://t.co/Ar59wQTzIi via @stcom #Retailer #Coronavirus,0,0,0,11/30/2021 9:09,152,102,356,Singapore,volunteer+litter+Ontario,0
1.46561E+18,"@LeedsBeckMArch ArchitectureOpenLecture series

Jane is sustainability advisor on @warwickuni Estate &amp; Environment Committee.
As a masterplanner and volunteer, she advises the @Nat_Mem_Arb, in South Staff, on their young arboretum.

https://t.co/bMIzy",0,0,0,11/30/2021 9:00,296,384,1064,Leeds Beckett University,volunteer+litter+Ontario,0
1.4656E+18,"Looking to get back on your bike? Check our https://t.co/CDnwr5qPHD has great volunteer led rides for all abilities.

There's regular rides at @LiveItHull closed cycle circuit at Ennerdale Leisure Centre! So you can build up your road confidence in a traffic free environment https://t.co/ofK2pVbNGj",0,0,0,11/30/2021 8:53,316,151,618,,volunteer+litter+Ontario,0
1.4656E+18,Does your environment change your way of thinking or does your thinking change your environment? @RecoTechFI @MetropoliaBiz #volunteer https://t.co/1zvDFW7LeJ,6,1,8,11/30/2021 8:48,10,24,58,,volunteer+litter+Ontario,0
1.46552E+18,"RT @ValleyChange: Join us on Sunday, December 12th as we beautify our community! üßπüóëüåç ‚ôªÔ∏è 

Bring a friend or two and bring your family along‚Ä¶",0,2,4,11/30/2021 3:03,13860,6174,26208,,volunteer+litter+Ontario,0
1.46549E+18,RT @kingcountyparks: It's planting season! All the rainfall has created a hospitable environment for the native plants our Volunteer Progra‚Ä¶,0,5,10,11/30/2021 1:11,220,1060,2340,"Seattle, WA",volunteer+litter+Ontario,0
1.46549E+18,"Join us on Sunday, December 12th as we beautify our community! üßπüóëüåç ‚ôªÔ∏è 

Bring a friend or two and bring your family along. 

#BlackLivesMatter #Community #Cleanup #Earthüåç #Volunteer #Nature #SanFernandoValley #ShowUpShowOut #Environment https://t.co/OhHfepQjlK",3,2,7,11/30/2021 1:04,537,96,729,,volunteer+litter+Ontario,0
1.46549E+18,"Governor Laura Kelly has announced Janet Stanek as the new Secretary for the Kansas Department of Health and Environment (KDHE). Janet serves as a volunteer on our Board of Directors. Congratulations, Janet! https://t.co/Bk1hCA60A2",0,0,0,11/30/2021 1:00,338,176,690,Kansas,volunteer+litter+Ontario,0
1.4654E+18,RT @kingcountyparks: It's planting season! All the rainfall has created a hospitable environment for the native plants our Volunteer Progra‚Ä¶,0,5,10,11/29/2021 19:10,29,44,117,"Seattle, WA",volunteer+litter+Ontario,0
1.46537E+18,RT @kingcountyparks: It's planting season! All the rainfall has created a hospitable environment for the native plants our Volunteer Progra‚Ä¶,0,5,10,11/29/2021 17:14,25769,1134,28037,"King County, WA",volunteer+litter+Ontario,0
1.46537E+18,It's planting season! All the rainfall has created a hospitable environment for the native plants our Volunteer Program is working to get in the ground. üå± But they can't do it without volunteers like you. üë∑‚Äç‚ôÄÔ∏è Check out upcoming events &amp; sign up today üëâ https://t.co/x2weH6g54Q https://t.co/npI2vsZOAT,6,5,16,11/29/2021 17:02,4460,1120,6700,"King County, WA",volunteer+litter+Ontario,0
1.46536E+18,"RT @demsabroadbe: Today is a good day to follow @demsabroadECCC. That's it, that's the message - just follow them and join and volunteer if‚Ä¶",0,12,24,11/29/2021 16:54,2519,2994,8507,,volunteer+litter+Ontario,0
1.46536E+18,"RT @demsabroadbe: Today is a good day to follow @demsabroadECCC. That's it, that's the message - just follow them and join and volunteer if‚Ä¶",0,12,24,11/29/2021 16:53,5946,2026,9998,"√úT: 43.7979443,-79.4292462",volunteer+litter+Ontario,0
1.46535E+18,"RT @demsabroadbe: Today is a good day to follow @demsabroadECCC. That's it, that's the message - just follow them and join and volunteer if‚Ä¶",0,12,24,11/29/2021 16:02,28098,9581,47260,Worldwide! üá∫üá∏üåç,volunteer+litter+Ontario,0
1.46535E+18,"im literally so silly, anyways back to being better üòÅ, i want to volunteer, help the environment , and do more school work cause it‚Äôs good for the brain apparently",1,0,1,11/29/2021 15:44,2,36,74,,volunteer+litter+Ontario,0
1.46534E+18,@OdedRechavi I actually think I'll volunteer to talk about this at some of the courses at my Uni. I've read so much about this that it would be useful to share the info in a productive environment rather than argue with people on twitter üòÖ,1,0,1,11/29/2021 15:16,6681,6512,19705,"New York, USA",volunteer+litter+Ontario,0
1.46532E+18,@hugoburge Oh no Hugo ‚òπÔ∏è If you need any volunteers for tree planting in the future let us know. Team here gets a volunteer day a year and they're very passionate about the environment.üå≥,1,0,1,11/29/2021 14:17,3366,2054,7474,London,volunteer+litter+Ontario,0
1.46531E+18,@elonmusk Hello. ¬†I am a volunteer on a Economic Corridor Task Force for the govt of Alberta. team is investigating tech that will reduce impacts on the environment/underground corridors for energy products AND autonomous haul trucks that can use roadway,0,0,0,11/29/2021 13:09,1061,2896,6853,Alberta,volunteer+litter+Ontario,0
1.4653E+18,RT @hulimavulake: You are never too young to #volunteer! High schoolers at #Hulimavu lake! Happy to see our next gen working towards a clea‚Ä¶,0,1,2,11/29/2021 12:47,78,66,210,Bengaluru,volunteer+litter+Ontario,0
1.4653E+18,I just want to volunteer and try English teaching in a familiar environment before I commit to moving 6000 miles across the globe to do it u no?,0,0,0,11/29/2021 12:35,19,41,101,"York, England",volunteer+litter+Ontario,0
1.46528E+18,RT @Bananahamarama: @olliewallieses @jordanbpeterson Currently working with a trans 12-year old. (I volunteer with a youth group). We have‚Ä¶,0,1,2,11/29/2021 11:27,77,214,505,iPhone,volunteer+litter+Ontario,0
1.46528E+18,"@olliewallieses @jordanbpeterson Currently working with a trans 12-year old. (I volunteer with a youth group). We have been absolutely supportive, because what else can you do?!? At least in our environment, this person is getting support that they can't ",1,1,3,11/29/2021 11:19,141,479,1099,"Dallas, TX",volunteer+litter+Ontario,0
1.46527E+18,"RT @Thames21: Thames21 is growing. We are thrilled to welcome Philippa Nicholls (Community Eel Officer), Felicity Rhodes (Thames Volunteer‚Ä¶",0,1,2,11/29/2021 10:53,14348,15782,45912,"Hackney Wick, east London, UK",volunteer+litter+Ontario,0
1.46527E+18,"Thames21 is growing. We are thrilled to welcome Philippa Nicholls (Community Eel Officer), Felicity Rhodes (Thames Volunteer Engagement Officer) and Josh Hammond (Evidence Officer) to our team.
https://t.co/bP3myMi71w
#newhires #RiverThames #eels #environment #climate https://t.co/eUjyHZS5V4",8,1,10,11/29/2021 10:42,10972,4074,19120,London,volunteer+litter+Ontario,0
1.46525E+18,RT @MathewsFiona: Scrub clearance has been promoted by wildlife organisations for years (all those volunteer working parties..). Tidying up‚Ä¶,0,8,16,11/29/2021 9:40,6044,4950,15944,Sheffield,volunteer+litter+Ontario,0
1.46525E+18,RT @MathewsFiona: Scrub clearance has been promoted by wildlife organisations for years (all those volunteer working parties..). Tidying up‚Ä¶,0,8,16,11/29/2021 9:39,2628,1045,4718,"Brighton, England",volunteer+litter+Ontario,0
1.46525E+18,RT @MathewsFiona: Scrub clearance has been promoted by wildlife organisations for years (all those volunteer working parties..). Tidying up‚Ä¶,0,8,16,11/29/2021 9:06,222,1551,3324,,volunteer+litter+Ontario,0
1.46524E+18,RT @MathewsFiona: Scrub clearance has been promoted by wildlife organisations for years (all those volunteer working parties..). Tidying up‚Ä¶,0,8,16,11/29/2021 8:45,16586,3684,23954,UK,volunteer+litter+Ontario,0
1.46521E+18,"You are never too young to #volunteer! High schoolers at #Hulimavu lake! Happy to see our next gen working towards a clean environment! #SundayMotivation
 @NammaBengaluroo
@citizenmatters  @TrustBangalore @BSBommai @CMofKarnataka  @EduMinOfIndia  @timesofindia @BGSSCHOOL https://t.co/BoyqVdQqCi",3,1,5,11/29/2021 6:52,77,19,115,Hulimavu,volunteer+litter+Ontario,0
1.46509E+18,RT @ali_Croydon: @NorburyTories @K_O_Frimpong @blakeodonnell @CroydonTories @CllrJPerry @CllrLynneHale @NeilGarratt @JohnLoony @SBOWEN2022‚Ä¶,0,2,4,11/28/2021 22:37,1735,667,3069,,volunteer+litter+Ontario,0
1.46508E+18,RT @ali_Croydon: @NorburyTories @K_O_Frimpong @blakeodonnell @CroydonTories @CllrJPerry @CllrLynneHale @NeilGarratt @JohnLoony @SBOWEN2022‚Ä¶,0,2,4,11/28/2021 22:25,146,217,580,,volunteer+litter+Ontario,0
1.46502E+18,RT @MathewsFiona: Scrub clearance has been promoted by wildlife organisations for years (all those volunteer working parties..). Tidying up‚Ä¶,0,8,16,11/28/2021 18:15,638,1432,3502,,volunteer+litter+Ontario,0
1.46502E+18,"HomeWise is all about helping Fairfax County residents save money on their utility bills. Over the past month, we've given away 1000 LED bulbs and hundreds of other items to help residents save #energy and #water at home. Learn more about our activities: https://t.co/V8XyXmGEFP https://t.co/WLAWNWbDBm",1,0,1,11/28/2021 18:00,451,100,651,"Fairfax County, Virginia",volunteer+litter+Ontario,0
1.46499E+18,"RT @WeMeanToClean: We work at the grassroots level for our environment
https://t.co/I6ehyANyTO

#WeMeanToClean #CleanDelhi #SwachhBharat #V‚Ä¶",0,2,4,11/28/2021 16:01,22608,6678,35964,"Kampala, Uganda",volunteer+litter+Ontario,0
1.46499E+18,Regional Volunteer Manager (Central) - Central - CHARITY PEOPLE https://t.co/76vZjqQo1b,0,0,0,11/28/2021 15:55,2355,5,2365,UK,volunteer+litter+Ontario,0
1.46498E+18,"**false accusation example**

AG was fired bcoz of being so toxic and caused cn team staff to resign

our community manager and support and volunteer said otherwise. Screenshots and translations attached below

in the fulltime groups, environment was friendly and supportive‚ù§Ô∏è",9,0,9,11/28/2021 15:42,2583,650,3883,,volunteer+litter+Ontario,0
1.46498E+18,"RT @demsabroadbe: Today is a good day to follow @demsabroadECCC. That's it, that's the message - just follow them and join and volunteer if‚Ä¶",0,12,24,11/28/2021 15:42,2332,3938,10208,Earth,volunteer+litter+Ontario,0
1.46498E+18,"RT @WeMeanToClean: We work at the grassroots level for our environment
https://t.co/I6ehyANyTO

#WeMeanToClean #CleanDelhi #SwachhBharat #V‚Ä¶",0,2,4,11/28/2021 15:39,4195,4910,14015,MIT Earth & Atmospher & üá∫üá≥,volunteer+litter+Ontario,0
1.46498E+18,"We work at the grassroots level for our environment
https://t.co/I6ehyANyTO

#WeMeanToClean #CleanDelhi #SwachhBharat #Volunteer #Volunteering #Shramdaan #Delhi #Cleanup #CleanupDrive #SwachhataHiSeva #Afforestation #ClimateAction #WMTCBlog https://t.co/dF31ATGvHy",6,2,10,11/28/2021 15:35,2264,107,2478,"New Delhi, Delhi",volunteer+litter+Ontario,0
1.46497E+18,@b_dechambeau @BKoepka Perhaps many of us did not know $3M went to charity as opposed to all proceeds going to participants. Could always use just a small bit of help for my local high school volunteer P A gig to be able to provide a better sports environ,0,0,0,11/28/2021 14:49,16,73,162,"North Carolina, USA",volunteer+litter+Ontario,0
1.46497E+18,"RT @demsabroadbe: Today is a good day to follow @demsabroadECCC. That's it, that's the message - just follow them and join and volunteer if‚Ä¶",0,12,24,11/28/2021 14:33,5318,5692,16702,"Tucson, AZ",volunteer+litter+Ontario,0
1.46495E+18,"RT @demsabroadbe: Today is a good day to follow @demsabroadECCC. That's it, that's the message - just follow them and join and volunteer if‚Ä¶",0,12,24,11/28/2021 13:43,3120,724,4568,"Kampala, Uganda",volunteer+litter+Ontario,0
1.46495E+18,"RT @demsabroadbe: Today is a good day to follow @demsabroadECCC. That's it, that's the message - just follow them and join and volunteer if‚Ä¶",0,12,24,11/28/2021 13:43,2461,4634,11729,,volunteer+litter+Ontario,0
1.46495E+18,"RT @demsabroadbe: Today is a good day to follow @demsabroadECCC. That's it, that's the message - just follow them and join and volunteer if‚Ä¶",0,12,24,11/28/2021 13:29,552,372,1296,,volunteer+litter+Ontario,0
1.46494E+18,"RT @demsabroadbe: Today is a good day to follow @demsabroadECCC. That's it, that's the message - just follow them and join and volunteer if‚Ä¶",0,12,24,11/28/2021 13:09,272,372,1016,,volunteer+litter+Ontario,0
1.46494E+18,"RT @CleanUpTadworth: ThankYou to our @DofE #litterpicking #volunteer out cleaning up in #lowerKingswood 

#LoveWhereYouLiveüå∫üçÇ
#youngpeople‚Ä¶",0,7,14,11/28/2021 13:02,5338,9,5356,www.plasticsimpact@gmail.com,volunteer+litter+Ontario,0
1.46494E+18,"RT @demsabroadbe: Today is a good day to follow @demsabroadECCC. That's it, that's the message - just follow them and join and volunteer if‚Ä¶",0,12,24,11/28/2021 12:50,85117,82896,250909,www.5calls.org,volunteer+litter+Ontario,0
1.46493E+18,"Today is a good day to follow @demsabroadECCC. That's it, that's the message - just follow them and join and volunteer if you can.
#climatecrisis #demsabroad #noplanetB #environment https://t.co/rn03qJzdc6",5,12,29,11/28/2021 12:20,1769,2288,6345,"Brussels, Belgium",volunteer+litter+Ontario,0
1.46493E+18,"RT: TheVenusProject: @Roberta66621429 @j_matcob @GandWalter @UN @Davos @RoxMeadows @jacquefresco Well being of humans and the environment we need to survive should be number one üôÇ
(Peter tvp volunteer)",2,0,2,11/28/2021 12:02,3346,412,4170,"National Capital Region, Repub",volunteer+litter+Ontario,0
1.46493E+18,"@Roberta66621429 @j_matcob @GandWalter @UN @Davos @RoxMeadows @jacquefresco Well being of humans and the environment we need to survive should be number one üôÇ
(Peter tvp volunteer)",2,0,2,11/28/2021 12:00,29937,24,29985,"21 Valley Lane
Venus, Florida ",volunteer+litter+Ontario,0
1.46491E+18,RT @MathewsFiona: Scrub clearance has been promoted by wildlife organisations for years (all those volunteer working parties..). Tidying up‚Ä¶,0,8,16,11/28/2021 11:01,1308,3950,9208,Tyneside - RT ‚â† Agreement,volunteer+litter+Ontario,0
1.46491E+18,"Scrub clearance has been promoted by wildlife organisations for years (all those volunteer working parties..). Tidying up also keeps countless gardeners and landscape teams busy.

Time for a rethink (at least in many circumstances)? https://t.co/XjtbVy2kf7",25,8,41,11/28/2021 10:54,3993,1476,6945,Colyton,volunteer+litter+Ontario,0
1.46487E+18,"RT @DrJideOjo: So if you have to blaze that GRE, volunteer in labs, publish that paper, and attend conferences to get into a quality learni‚Ä¶",0,23,46,11/28/2021 8:02,895,1723,4341,"Abuja, Nigeria",volunteer+litter+Ontario,0
1.46477E+18,How one woman escaped the rat race and went off to Africa to volunteer on environmental projects https://t.co/rrg6MpSvbJ #environment #volunteering #Africa,0,0,0,11/28/2021 1:18,13598,14596,42790,South East,volunteer+litter+Ontario,0
1.46476E+18,"Doing work (volunteer or paid) that helps others, paid work that covers bills + a little more, &amp; a respectful work environment may help work be sustainable &amp; fulfilling.",0,0,0,11/28/2021 0:48,742,2,746,,volunteer+litter+Ontario,0
1.46473E+18,"RT: TheVenusProject: @Pjevica @LumpyLouish Yes, Tvp proposes a proactive system/mindset which prioritises people/environment over money/profit.
If you have any questions let me know üôÇ
The faqs are very helpful too
(Peter tvp volunteer)
https://t.co/lvyvMZ4M6D",0,0,0,11/27/2021 23:12,3346,412,4170,"National Capital Region, Repub",volunteer+litter+Ontario,0
1.46626E+18,"Save the Date: the spring Mulga Loop Road Litter Cleanup will be March 26, 2022. Help us and many partners keep trash out of Village Creek and Bayview Lake! https://t.co/G6jWGwrdSN",0,0,0,12/2/2021 3:59,12198,12029,36256,Alabama,lake cleanup,0
1.46612E+18,"RT @uspresstracker: LAPD kettled 19 journalists at the homeless encampment cleanup in Echo Park Lake on March 25, charging nine of them. ht‚Ä¶",0,3,6,12/1/2021 18:46,1114,1326,3766,Laniakea Supercluster,lake cleanup,0
1.46611E+18,"RT @CRKeeper: Lake Lanier is a vital part of the Chattahoochee watershed - but it needs our help!

We're hosting a cleanup in Gainesville t‚Ä¶",0,1,2,12/1/2021 18:15,78,213,504,,lake cleanup,0
1.4661E+18,"RT @uspresstracker: LAPD kettled 19 journalists at the homeless encampment cleanup in Echo Park Lake on March 25, charging nine of them. ht‚Ä¶",0,3,6,12/1/2021 17:42,830,477,1784,"Washington, D.C.",lake cleanup,0
1.4661E+18,"RT @uspresstracker: LAPD kettled 19 journalists at the homeless encampment cleanup in Echo Park Lake on March 25, charging nine of them. ht‚Ä¶",0,3,6,12/1/2021 17:42,492,1206,2904,"Bethesda, MD",lake cleanup,0
1.4661E+18,"LAPD kettled 19 journalists at the homeless encampment cleanup in Echo Park Lake on March 25, charging nine of them. https://t.co/qS9sV623Bq",4,3,10,12/1/2021 17:34,33027,188,33403,"New York, NY",lake cleanup,0
1.46604E+18,"We look forward to a robust cleanup of the former Bethlehem Steel site in Lackawanna. This location along  Lake Erie and its remediation is long overdue and will continue WNY in its transition from a Rust to Blue economy.¬†

https://t.co/pbAdHCGvNw",1,0,1,12/1/2021 13:46,3738,937,5612,"Buffalo, NY",lake cleanup,0
1.46604E+18,"Sunday fire damages UAW union hall https://t.co/lusGrMlHZJ
Fire and Water Damage Cleanup Near Me, Chicago, Evanston, Skokie, Wilmette, Northbrook, Lake Forest, Highland Park
https://t.co/FwXvihmmSH
#fireandwaterdamagecleanupnearme #Chicago #Evanston #Skokie #Wilmette #Northbrook https://t.co/mj7wBMZm81",1,0,1,12/1/2021 13:46,1557,2581,6719,"Chicago, IL",lake cleanup,0
1.46603E+18,"Lake Lanier is a vital part of the Chattahoochee watershed - but it needs our help!

We're hosting a cleanup in Gainesville this Saturday starting bright and early at 9:30 a.m. It's free to volunteer, but registration is required üëâ https://t.co/vcFn7XGuZv https://t.co/CO2CQNbicd",2,1,4,12/1/2021 13:16,4496,1790,8076,Atlanta|Gainesville|LaGrange,lake cleanup,0
1.46583E+18,"Join Save Rural Seminole and Central Florida Recon to paddle the waters of Lake Mills for a cleanup. 

The clean up starts at 10:00 am on Saturday, December 4. https://t.co/uriH9kthOj",0,0,0,11/30/2021 23:34,63,258,579,"Winter Springs, FL",lake cleanup,0
1.46581E+18,"#15 says she visited the GF site at 38th and Chicago on a couple occasions. Also, protested on Lake Street. She went to do cleanup and stayed for the protest, she tells Engh.",1,0,1,11/30/2021 22:43,6110,1577,9264,St Paul,lake cleanup,0
1.46573E+18,"Lead, like other waste, doesn't ""go away."" When it's disposed of improperly, like dumping lead telephone cables in Lake Tahoe, the consequences become even more severe and the need for cleanup more urgent https://t.co/LMtmg6DHwk",0,0,0,11/30/2021 17:30,10056,3469,16994,United States,lake cleanup,0
1.4657E+18,The Wisconsin Department of Natural Resources confirmed Monday that Enbridge Energy‚Äôs cleanup of Fort Atkinson‚Äôs Blackhawk Island following a diluent chemical spill has been progressing satisfactorily. https://t.co/B6l5hYLVmN,1,0,1,11/30/2021 14:54,5525,251,6027,"Janesville, Wis.",lake cleanup,0
1.46568E+18,"Mayor: Grease blockage caused sewage leak at Trenton, NJ apartments https://t.co/0rRLx5BQXP
Sewage Cleanup Chicago, Evanston, Skokie, Wilmette, Glenview, Lake Forest, Highland Park
https://t.co/dVrF4O2sXF
#sewagecleanupchicago #Evanston #Skokie #Wilmette #Glenview #Northbrook https://t.co/yZoKsFQzlh",1,0,1,11/30/2021 13:46,1557,2581,6719,"Chicago, IL",lake cleanup,0
1.46554E+18,RT @LivingRv: Lots of cleanup around Cultus Lake. #llrv https://t.co/zJOAA4Xc8b,0,1,2,11/30/2021 4:54,118,252,622,,lake cleanup,0
1.46534E+18,Enbridge Energy says its cleanup effort near Blackhawk Island Road west of Fort Atkinson after a chemical spill in 2019 that wasn't reported to the state Department of Natural Resources until 2020 ‚Äúcontinues to progress very nicely.‚Äù https://t.co/mN8IhZ8u39,0,0,0,11/29/2021 15:25,5525,251,6027,"Janesville, Wis.",lake cleanup,0
1.46509E+18,"@AnalogDreamer @benkershner @aaronkfoley Also we have our own Torch Lake, but it's a superfund site due to copper mining. Or, it was. It's much better now after significant cleanup efforts.",1,0,1,11/28/2021 22:37,516,913,2342,,lake cleanup,0
1.46489E+18,RT @A_MADHU: Powai Lake algae or water afforestation almost reaching the lake mid point ... Requesting authorities to act &amp; cleanup @mybmcW‚Ä¶,0,1,2,11/28/2021 9:46,4951,71,5093,"iPhone:,",lake cleanup,0
1.46489E+18,Powai Lake algae or water afforestation almost reaching the lake mid point ... Requesting authorities to act &amp; cleanup @mybmcWardS @AUThackeray @powaiinfo @mybmcHydEngg @mayor_mumbai https://t.co/PZHtRKt0eU,3,1,5,11/28/2021 9:43,141,366,873,Mumbai,lake cleanup,0
1.46485E+18,Lots of cleanup around Cultus Lake. #llrv https://t.co/zJOAA4Xc8b,1,1,3,11/28/2021 6:36,828,1080,2988,,lake cleanup,0
1.46484E+18,"@quincypop1 @EmpressTrash @line_art_nfts tomorrow have a big day omg, gotta cleanup after the fair, then heading to silver lake to meet some friends for lunch and then onto the fam in torrance for dinner... a bit tired just thinking about it üòÖ",3,0,3,11/28/2021 6:16,5319,5008,15335,u n i should make verses,lake cleanup,0
1.46469E+18,"Cal OES debris program working on cleanup in Lake County, across the state - https://t.co/ahK0wiY3bz",1,0,1,11/27/2021 20:30,4334,2298,8930,Lake County California,lake cleanup,0
1.46465E+18,"All The Humankinds are invited for a cleanup drive on 28 Nov. 2021 at Mansagar lake (JAL-MAHAL) Jaipur. At 08.00 am onward.
#kshitizfoundation
#cleanthecity

Facebook -
https://t.co/KtNidaANZG
Instagram -
https://t.co/mTDIGSr9FI
YouTube -
https://t.co/I9jDKHD6tH https://t.co/rJyYyMHA37",0,0,0,11/27/2021 17:58,3,0,3,Jaipur 302019,lake cleanup,0
1.46464E+18,"RT @batdouken: a lot of things that could be done to help, especially since the pandemic. I'd like to organize some simple cleanup projects‚Ä¶",0,3,6,11/27/2021 16:41,116,402,920,,lake cleanup,0
1.46464E+18,"RT @batdouken: a lot of things that could be done to help, especially since the pandemic. I'd like to organize some simple cleanup projects‚Ä¶",0,3,6,11/27/2021 16:39,87,395,877,,lake cleanup,0
1.46463E+18,"RT @batdouken: a lot of things that could be done to help, especially since the pandemic. I'd like to organize some simple cleanup projects‚Ä¶",0,3,6,11/27/2021 16:34,277,393,1063,,lake cleanup,0
1.46463E+18,"a lot of things that could be done to help, especially since the pandemic. I'd like to organize some simple cleanup projects: city, park, creek, lake. It feels good to give back and help your community and as #OCEAN NAVY grows I hope it's something we can all focus on.",3,3,9,11/27/2021 16:23,36,33,102,,lake cleanup,0
1.46436E+18,"Washington county's flood damages could reach $50 million https://t.co/lUqqRYIm7t
Flood Damage Repairs Near Me Chicago, Evanston, Skokie, Wilmette, Glenview, Lake Forest
https://t.co/2WlvdwWqe7
#flooddamagerepairsnearme #Chicago #Evanston #Skokie #Wilmette #Glenview #LakeForest https://t.co/7Lct1QgK2B",1,0,1,11/26/2021 22:30,1557,2581,6719,"Chicago, IL",lake cleanup,0
1.46427E+18,"RT @markstrahl: Met with Joe Lamb, CAO of #CultusLake and toured the devastation caused by the flooding there. There will be a lot of clean‚Ä¶",0,3,6,11/26/2021 16:18,990,2807,6604,"Ontario, Canada",lake cleanup,0
1.46426E+18,"RT @markstrahl: Met with Joe Lamb, CAO of #CultusLake and toured the devastation caused by the flooding there. There will be a lot of clean‚Ä¶",0,3,6,11/26/2021 15:57,25521,1478,28477,"Regina, SK / Ottawa, ON",lake cleanup,0
1.46426E+18,"RT @markstrahl: Met with Joe Lamb, CAO of #CultusLake and toured the devastation caused by the flooding there. There will be a lot of clean‚Ä¶",0,3,6,11/26/2021 15:50,6357,7,6371,"BC, Canada",lake cleanup,0
1.46426E+18,"Met with Joe Lamb, CAO of #CultusLake and toured the devastation caused by the flooding there. There will be a lot of cleanup required at the lake, including repairing damage to docks and culverts. I‚Äôm working with all levels of government as we rebuild from the #BCStorm. https://t.co/lnDqG26uXY",17,3,23,11/26/2021 15:38,11721,1029,13779,"Chilliwack, British Columbia",lake cleanup,0
1.46423E+18,"Extra alarm fire damages popular restaurant, Oak Park https://t.co/8Nuj6dMdtI
Fire Restoration and Cleanup Chicago, Oak Park, River Forest, Forest Park, Riverside, Brookfield, Elmwood Park
https://t.co/FwXvihmmSH
#firerestorationandcleanupchicago #OakPark #RiverForest #Riverside https://t.co/8sNSw8MKr6",1,0,1,11/26/2021 13:46,1557,2581,6719,"Chicago, IL",lake cleanup,0
1.46389E+18,Today morning our eco team went to the Qudra lake for a desert cleanup with @dgradeclothing . They did an amazing job üëèüèºüçÉ Well done team! @RWADubai @RWA_Eco https://t.co/m03dMEznak,0,0,0,11/25/2021 15:32,359,170,699,"Dubai, United Arab Emirates",lake cleanup,0
1.46372E+18,"RT @GuildPark: 59 plastic straws were found along Guildwood's Lake Ontario shoreline during a recent shoreline cleanup.  To date, 605 plast‚Ä¶",0,2,4,11/25/2021 3:58,7177,7553,22283,"Toronto, Ontario",lake cleanup,0
1.46372E+18,"RT @GuildPark: 59 plastic straws were found along Guildwood's Lake Ontario shoreline during a recent shoreline cleanup.  To date, 605 plast‚Ä¶",0,2,4,11/25/2021 3:49,632,2408,5448,"Toronto, Ontario",lake cleanup,0
1.46372E+18,"59 plastic straws were found along Guildwood's Lake Ontario shoreline during a recent shoreline cleanup.  To date, 605 plastic straws (&amp; 127 stirrers) have been found this year.
#Guildwood #LakeOntario #ShorelineCleanups #trash #litter #PlasticStraws https://t.co/rcpIHQZ8DR",12,2,16,11/25/2021 3:46,689,181,1051,"201 Guildwood Parkway, Toronto",lake cleanup,0
1.46365E+18,RT @lifepath23: This is the kind of crap we have let corporations get away with for decades and they expect us to use our tax dollars to cl‚Ä¶,0,2,4,11/24/2021 23:38,1017,2035,5087,NYC,lake cleanup,0
1.46364E+18,RT @lifepath23: This is the kind of crap we have let corporations get away with for decades and they expect us to use our tax dollars to cl‚Ä¶,0,2,4,11/24/2021 23:00,4183,5003,14189,Merley Wimborne Dorset England,lake cleanup,0
1.46364E+18,"This is the kind of crap we have let corporations get away with for decades and they expect us to use our tax dollars to clean up after them This must end All corporations need to start being charged for the massive amount of cleanup required How dare they
https://t.co/BoYnrcdFh0",2,2,6,11/24/2021 22:51,5829,5978,17785,Mother Earth,lake cleanup,0
1.46361E+18,"New York State releases cleanup plans for former Bethlehem Steel site in Lackawanna

will address site-wide contamination and provide public access to Lake Erie for the first time in more than 100 years.

#GreatLakes 

https://t.co/ICaJ9xjThF",1,0,1,11/24/2021 20:31,6628,4090,14808,"Manitowoc, WI",lake cleanup,0
1.46359E+18,RT @OPP_COMM_WR: ROAD CLOSURE: Bruce Rd 86 between Paradise Lake Rd and St Helens Line #Lucknow: Roadway closed for cleanup following a col‚Ä¶,0,2,4,11/24/2021 19:30,1552,3690,8932,"London, Ontario Canada",lake cleanup,0
1.46359E+18,The state said it will address site-wide contamination and provide public access to Lake Erie. https://t.co/5HRC5jWB30,0,0,0,11/24/2021 19:15,79156,1456,82068,Buffalo,lake cleanup,0
1.46358E+18,RT @OPP_COMM_WR: ROAD CLOSURE: Bruce Rd 86 between Paradise Lake Rd and St Helens Line #Lucknow: Roadway closed for cleanup following a col‚Ä¶,0,2,4,11/24/2021 18:43,86880,803,88486,"London, ON",lake cleanup,0
1.46358E+18,ROAD CLOSURE: Bruce Rd 86 between Paradise Lake Rd and St Helens Line #Lucknow: Roadway closed for cleanup following a collision. #OPP on scene. ^aw https://t.co/5jRz02kio5,4,2,8,11/24/2021 18:32,39871,109,40089,"London, Ontario",lake cleanup,0
1.46354E+18,"RT @wjmckelvey: Pick up a copy of today's @YorkDispatch for great reporting from @tina_locurto on the cleanup of a local pond, @Matthew_Enr‚Ä¶",0,3,6,11/24/2021 15:58,495,431,1357,"York, PA",lake cleanup,0
1.46352E+18,"RT @wjmckelvey: Pick up a copy of today's @YorkDispatch for great reporting from @tina_locurto on the cleanup of a local pond, @Matthew_Enr‚Ä¶",0,3,6,11/24/2021 15:01,31206,6197,43600,"York, Pa.",lake cleanup,0
1.46352E+18,"RT @wjmckelvey: Pick up a copy of today's @YorkDispatch for great reporting from @tina_locurto on the cleanup of a local pond, @Matthew_Enr‚Ä¶",0,3,6,11/24/2021 15:01,247,1093,2433,,lake cleanup,0
1.46352E+18,"Pick up a copy of today's @YorkDispatch for great reporting from @tina_locurto on the cleanup of a local pond, @Matthew_Enright on the latest developments in the Vicosa tragedy and so much more.

Online here: https://t.co/vi7em5wggL

And here: https://t.co/KOThumMziV https://t.co/WTAm8HWjVW",2,3,8,11/24/2021 15:01,2177,439,3055,,lake cleanup,0
1.46351E+18,RT @outsidemagazine: Real change is possible. https://t.co/6OY9WXKlD5,0,2,4,11/24/2021 14:07,1461,2449,6359,"Lincoln Park, Chicago",lake cleanup,0
1.4635E+18,RT @outsidemagazine: Real change is possible. https://t.co/6OY9WXKlD5,0,2,4,11/24/2021 13:09,1071,2162,5395,,lake cleanup,0
1.46349E+18,Real change is possible. https://t.co/6OY9WXKlD5,10,2,14,11/24/2021 12:49,360887,1350,363587,"Santa Fe, NM",lake cleanup,0
1.46347E+18,RT @EPAGreatLakes: Our dredging activities were completed in the Wire Mill Delta area of Spirit Lake. We've moved to the North Dredge Area.‚Ä¶,0,1,2,11/24/2021 11:29,520,597,1714,"Forestville, WI",lake cleanup,0
1.46329E+18,RT @WBBM780Traffic: NB Route 53 is blocked at Lake Cook Road due to a crash and ongoing cleanup. #ChicagoTraffic gets by using the shoulder‚Ä¶,0,1,2,11/23/2021 23:32,39813,529,40871,"Chicago, IL",lake cleanup,0
1.46329E+18,NB Route 53 is blocked at Lake Cook Road due to a crash and ongoing cleanup. #ChicagoTraffic gets by using the shoulder but is solid from before Dundee. @WBBMNewsradio https://t.co/2kaxla5khK,1,1,3,11/23/2021 23:27,8328,97,8522,"Chicago, IL",lake cleanup,0
1.46322E+18,Our dredging activities were completed in the Wire Mill Delta area of Spirit Lake. We've moved to the North Dredge Area. Check out more photos of our work at: https://t.co/2sVjF2xFWI https://t.co/beXU5SP7ls,5,1,7,11/23/2021 19:01,11071,288,11647,U.S. EPA Region 5,lake cleanup,0
1.46314E+18,"Cost of damage from B.C. flooding could be 'catastrophic,' expert says https://t.co/9RLtLfFkUM
Flood Damage Cleanup Chicago, Evanston, Skokie, Wilmette, Glenview, Northbrook, Lake Forest
https://t.co/2WlvdwWqe7
#flooddamagecleanupchicago #Evanston #Skokie #Wilmette #Glenview https://t.co/tEMRQLGYlr",1,0,1,11/23/2021 13:46,1557,2581,6719,"Chicago, IL",lake cleanup,0
1.46311E+18,üçÅ We are excited to recognize our Lake Shore servant leaders and philanthropists who participated in the district's 3rd annual Seasonal Cleanup. @myLSPS be-leafs in helping their community: https://t.co/MQjIcO5Fyp. #myLSPS https://t.co/onpbRKEnCX,2,0,2,11/23/2021 11:50,1222,182,1586,"St Clair Shores, MI",lake cleanup,0
"1,465,722,528,370,980,000","Since 2014, we have picked up over 3 million pieces of litter from the shores of Lake Ontario &amp; beyond. Until #LakeOntario is plastic-free, you can rest assured that we‚Äôll be at the lakeshore every year cleaning up litter &amp; advocating for the lake we love so much. #GivingTuesday",2,0,2,11/30/2021 16:40,1379,1444,4267,Canada,cleaningshoreline,1
"1,466,504,108,920,080,000","RT @ChamberVictoria: In a recent interview in @Douglasmagazine, Mark Collins, CEO of @BCFerries, discusses the electrification of BC Ferrie‚Ä¶",0,1,2,12/2/2021 20:26,776,587,1950,,A Greener Future,0
"1,466,499,346,430,570,000","On this #NationalPollutionControlDay, let‚Äôs create awareness about perils of unhealthy environments and pledge to do our bit to build a pollution free future for our planet and people. 

A greener future is everyone‚Äôs responsibility.

#nationalpollutioncontrolday2021 https://t.co/xKwTUKjRoG",0,0,0,12/2/2021 20:07,4382,3,4388,"Kolkata, India",A Greener Future,0
"1,466,497,999,064,860,000","RT @scientix_eu: To ensure a future where our children can thrive, #NBSeducation is essential. Environmentally literate citizens can greatl‚Ä¶",0,9,18,12/2/2021 20:02,427,1943,4313,,A Greener Future,0
"1,466,496,146,734,510,000","Digitalization and rapid adoption due to the pandemic have increased demand for data centers. As a result, IT teams are building next generation data centers ‚Äì driving more profitability and a greener future. Learn more: https://t.co/KxA5uSLoZz #datacenters #sustainability https://t.co/Lw4xxfS2jx",0,0,0,12/2/2021 19:55,42,73,188,"Orange, CA",A Greener Future,0
"1,466,493,615,807,630,000","RT @bjd_odisha: On this #NationalPollutionControlDay, let‚Äôs create awareness about perils of unhealthy environments and pledge to do our bi‚Ä¶",0,109,218,12/2/2021 19:44,73,169,411,,A Greener Future,0
"1,466,469,173,312,290,000","RT @Transport_EU: #EUYearofRail &amp; green #mobility are the topics of the year at the #RegioStars Awards!

Read all about the 5‚É£ finalists &amp;‚Ä¶",0,9,18,12/2/2021 18:07,762,4559,9880,,A Greener Future,0
"1,466,469,034,954,780,000","FortWhyte Alive is taking steps toward a greener future with the deep energy retrofitted Richardson Interpretive Centre! Since completion, the renovation received 3 Green Globes + energy usage is down by 36% compared to the average from 2016-2020. Congratulations to all involved! https://t.co/eIaHcbQqxc",0,0,0,12/2/2021 18:07,998,435,1868,Canada,A Greener Future,0
"1,466,466,643,912,110,000","RT @Transport_EU: #EUYearofRail &amp; green #mobility are the topics of the year at the #RegioStars Awards!

Read all about the 5‚É£ finalists &amp;‚Ä¶",0,9,18,12/2/2021 17:57,3091,1001,5093,,A Greener Future,0
"1,466,463,757,949,830,000","@vivekanandahr and team are changing not just the EV ecosystem, but the whole automobile industry with #BounceInfinity. Pre-book your scooters now! üíöüíö For a greener future! https://t.co/3BPhDXK5wi",1,0,1,12/2/2021 17:46,655,3184,7023,Bengaluru,A Greener Future,0
"1,466,459,733,204,760,000","RT @joinmissionzero: Excited for the future collaborations toward a greener future. This photo was taken sharing ideas with David Clark, Er‚Ä¶",0,1,2,12/2/2021 17:30,193,583,1359,"Boulder, CO",A Greener Future,0
"1,466,459,061,336,120,000",Are you wanting to launch yourself into a career within the digital industry and contribute to a greener future?‚ôªÔ∏è @CadentGasLtd is looking for a Junior Content Apprentice to join their team in Manchester and their starting salary is ¬£18327 üí™ Apply Now üëâ https://t.co/nbXJ1Di3bl https://t.co/sKPUFzRSIe,1,0,1,12/2/2021 17:27,8198,4844,17886,"Manchester, UK",A Greener Future,0
"1,466,456,402,730,390,000","RT @scientix_eu: To ensure a future where our children can thrive, #NBSeducation is essential. Environmentally literate citizens can greatl‚Ä¶",0,9,18,12/2/2021 17:17,0,39,78,,A Greener Future,0
"1,466,455,354,078,740,000","In a recent interview in @Douglasmagazine, Mark Collins, CEO of @BCFerries, discusses the electrification of BC Ferries‚Äô fleet and how the new vessels are considerably quieter and more sophisticated for a greener future. 

https://t.co/EFwEtXHdzt",2,1,4,12/2/2021 17:12,10665,2874,16413,"Victoria, BC, Canada",A Greener Future,0
"1,466,453,866,548,020,000","RT @bjd_odisha: On this #NationalPollutionControlDay, let‚Äôs create awareness about perils of unhealthy environments and pledge to do our bi‚Ä¶",0,109,218,12/2/2021 17:07,35,42,119,"Baripada, India",A Greener Future,0
"1,466,453,727,066,390,000","RT @bjd_odisha: On this #NationalPollutionControlDay, let‚Äôs create awareness about perils of unhealthy environments and pledge to do our bi‚Ä¶",0,109,218,12/2/2021 17:06,136,89,314,"Baripada, India",A Greener Future,0
"1,466,453,476,259,640,000",Ten things you can do to prepare for a Greener Future -  https://t.co/8Q13LY0Hgk https://t.co/PdiW6IgRdF,0,0,0,12/2/2021 17:05,2157,6,2169,Cyberspace,A Greener Future,0
"1,466,448,877,171,750,000","RT @bjd_odisha: On this #NationalPollutionControlDay, let‚Äôs create awareness about perils of unhealthy environments and pledge to do our bi‚Ä¶",0,109,218,12/2/2021 16:47,16,11,38,"Orissa, India",A Greener Future,0
"1,466,447,902,801,380,000",RT @Leapmotorglobal: A greener future lies ahead.#T03 #Leapmotor #EV #IntelligentAutomation https://t.co/clLZxMJfHh,0,5,10,12/2/2021 16:43,10,499,1008,,A Greener Future,0
"1,466,446,417,615,100,000",RT @Leapmotorglobal: A greener future lies ahead.#T03 #Leapmotor #EV #IntelligentAutomation https://t.co/clLZxMJfHh,0,5,10,12/2/2021 16:37,33,1474,2981,–£–∫—Ä–∞–∏–Ω–∞,A Greener Future,0
"1,466,444,986,812,090,000","Excited for the future collaborations toward a greener future. This photo was taken sharing ideas with David Clark, Eric Horner &amp; Scott King around the Right Here, Right Now UN Summit to be held at CU Boulder in Nov. of 2022.  
@ScottKing_M0 @DC_Cause @Eric_Horner @rhrn_climate https://t.co/1nFHW5AQJ5",2,1,4,12/2/2021 16:31,6,9,24,,A Greener Future,0
"1,466,443,002,222,630,000",RT @Unbranded63: @mcfarland_chuck @mynamesnotgordy @fordnation Vote for your local Liberal candidate in June 2022. Mine is Katie Gibbs. Who‚Ä¶,0,1,2,12/2/2021 16:23,6699,6535,19769,Canada,A Greener Future,0
"1,466,435,290,487,270,000","Green üå± trucks for @CocaColaEP: @BBCNews paid the Coca-Cola factory in Wakefield, UK, a visit. Most recently, they switched to electric industrial trucks by @linde_mh to save emissions. Great to be partnering up to create a greener future üôå https://t.co/ry0m93jKWo https://t.co/zBDbxG0s5N",0,0,0,12/2/2021 15:53,1997,351,2699,"Frankfurt/Main, Deutschland",A Greener Future,0
"1,466,434,527,094,520,000","RT @bjd_odisha: On this #NationalPollutionControlDay, let‚Äôs create awareness about perils of unhealthy environments and pledge to do our bi‚Ä¶",0,109,218,12/2/2021 15:50,3,16,35,,A Greener Future,0
"1,466,434,227,675,830,000","@SAP and Panjin City Government are partnering together to build an eco-city of the future. This initiative marks the beginning of a profoundly impactful journey in sustainable development ‚Äì for a greener future for both our people and planet. 

https:/",3,1,5,12/2/2021 15:48,2476,300,3076,"New York, NY",A Greener Future,0
"1,466,434,126,400,170,000",RT @Leapmotorglobal: A greener future lies ahead.#T03 #Leapmotor #EV #IntelligentAutomation https://t.co/clLZxMJfHh,0,5,10,12/2/2021 15:48,10,516,1042,,A Greener Future,0
"1,466,433,860,691,000,000","RT @NACollege: Last week we visited the brand new #HydrogenHomesüè† in Gateshead!

Read the story üëâ https://t.co/mHP7iouGxB

@NGNgas @CadentG‚Ä¶",0,1,2,12/2/2021 15:47,5286,2334,9954,"England, United Kingdom",A Greener Future,0
"1,466,433,480,892,590,000","As the construction industry looks to a greener future, could bio-based materials be the key to #NetZero? üå±üíö Interesting read from @ArchitectsJrnal here: https://t.co/dvGkvRf3gI",0,0,0,12/2/2021 15:46,20722,1402,23526,UK & Ireland,A Greener Future,0
,,,,0,,,,,,,
,,,,0,,,,,,,
"1,466,430,200,384,820,000","RT @COO_SIIL: With the world striving to meet carbon emission targets, #copper is emerging as the metal for the green transition. The shift‚Ä¶",0,3,6,12/2/2021 15:32,252,229,,Tuticorin,A Greener Future,0
"1,466,429,753,708,180,000","RT @Transport_EU: #EUYearofRail &amp; green #mobility are the topics of the year at the #RegioStars Awards!

Read all about the 5‚É£ finalists &amp;‚Ä¶",0,9,18,12/2/2021 15:31,4546,874,,Valenciennes,A Greener Future,0
"1,466,422,942,041,090,000","RT @EVBlueBird: üé∂Happy Holidays! Happy Holidays!üé∂¬†
You know what's great about EVs?
You can play Christmas music and the whole bus will be‚Ä¶",0,1,2,12/2/2021 15:04,1884,4876,,,A Greener Future,0
"1,466,422,118,233,640,000","üé∂Happy Holidays! Happy Holidays!üé∂¬†
You know what's great about EVs?
You can play Christmas music and the whole bus will be able to hear!¬†üéÑ
Oh- and it uses cleaner energy for a greener future. That's good too üçÉüöå https://t.co/Ji6fddfNTn",4,1,6,12/2/2021 15:00,213,186,,,A Greener Future,0
"1,466,415,944,507,530,000","RT @scientix_eu: To ensure a future where our children can thrive, #NBSeducation is essential. Environmentally literate citizens can greatl‚Ä¶",0,9,18,12/2/2021 14:36,189,477,,,A Greener Future,0
"1,466,411,124,237,160,000","It was great to welcome so many of you to our recent Plant a Tree event in Ratby. So many lovely stories, so many memories. Thank you to everyone for your support, the trees you‚Äôve planted are helping to grow a greener future. üå≥üå±

#NationalTreeWeek https://t.co/CIz7OoJpSr",0,0,0,12/2/2021 14:17,5700,1258,,"Moira, Leicestershire, UK",A Greener Future,0
"1,466,407,799,248,750,000","RT @bjd_odisha: On this #NationalPollutionControlDay, let‚Äôs create awareness about perils of unhealthy environments and pledge to do our bi‚Ä¶",0,109,218,12/2/2021 14:03,4,46,,,A Greener Future,0
"1,466,406,110,592,640,000","RT @facedrivecanada: Ride with Facedrive &amp; We'll plant a tree for you ..üå≥üå≥
Start green commute for a greener future ..üåç
#fridaymorning #nat‚Ä¶",0,3,6,12/2/2021 13:57,739,1124,,,A Greener Future,0
"1,466,399,256,042,860,000","Choosing to opt for eco-friendly products that are made using sustainable manufacturing processes is an effective way in which every consumer can ensure that we pave the way for a greener future, together!

#NationalPollutionControlDay #Environnement #uPVCProfile #uPVCWindow&amp;Door https://t.co/3latUaKAai",0,0,0,12/2/2021 13:30,219,129,,India,A Greener Future,0
"1,466,397,928,227,020,000",RT @citymississauga: We‚Äôre taking real steps towards fighting #climatechange. Check out the progress we‚Äôre making towards a greener future‚Ä¶,0,3,6,12/2/2021 13:24,18,136,,"Mississauga, Ontario, Canada",A Greener Future,0
"1,466,395,583,770,470,000","Urban Ottawa prisoners from the rural counsellors. @TimTierney we have a fantastic ward for biking, why make it more difficult than it should be? Biking and active transportation is the key to a greener future. https://t.co/3Cwi36hT2r",0,0,0,12/2/2021 13:15,233,1831,,,A Greener Future,0
"1,466,394,512,264,240,000","RT @scientix_eu: To ensure a future where our children can thrive, #NBSeducation is essential. Environmentally literate citizens can greatl‚Ä¶",0,9,18,12/2/2021 13:11,185,269,,"Attiki, Greece",A Greener Future,0
"1,466,391,192,506,150,000",RT @RGCancel: Calling on all members of the African #diaspora to join and contribute to this inspiring event organised by Ashoka on creatin‚Ä¶,0,1,2,12/2/2021 12:57,1655,1689,,"Canelones, Uruguay",A Greener Future,0
"1,466,389,995,078,490,000",RT @LepLeppla: Community choice aggregation is one of the best tools local governments have to choose clean energy in #Ohio. Check out more‚Ä¶,0,2,4,12/2/2021 12:53,1914,2011,,,A Greener Future,0
"1,466,389,010,159,470,000",RT @Leapmotorglobal: A greener future lies ahead.#T03 #Leapmotor #EV #IntelligentAutomation https://t.co/clLZxMJfHh,0,5,10,12/2/2021 12:49,24,685,,,A Greener Future,0
"1,466,388,748,057,430,000",RT @LepLeppla: Community choice aggregation is one of the best tools local governments have to choose clean energy in #Ohio. Check out more‚Ä¶,0,2,4,12/2/2021 12:48,528,530,,,A Greener Future,0
"1,466,388,679,820,300,000",Community choice aggregation is one of the best tools local governments have to choose clean energy in #Ohio. Check out more from @PoweraCleanOH on taking your community toward a greener future with CCA here: https://t.co/7hxA9wScIT https://t.co/iAy2kLmnev,3,2,7,12/2/2021 12:48,891,3350,,"Ohio, USA",A Greener Future,0
"1,466,384,815,087,710,000",RT @Toyota_India: Our journey towards a greener future continues as we try to protect the environment with our self-charging hybrid technol‚Ä¶,0,1,2,12/2/2021 12:32,42,158,,Manali India,A Greener Future,0
"1,466,384,167,776,780,000","We feel proud to be contributing to help support sustainable living for a greener future by offsetting our own carbon footprint üå≥üíö

Find out more about our tree-mendous Green Product range here &gt;&gt;&gt; https://t.co/Dhk7aEsKaM 

#sustainableliving #greenmortgage https://t.co/H2NTbRzjwQ",0,0,0,12/2/2021 12:30,532,342,,England & Wales,A Greener Future,0
"1,466,384,150,768,740,000","Our journey towards a greener future continues as we try to protect the environment with our self-charging hybrid technology. #NationalPollutionControlDay 
.
.
#ToyotaIndia https://t.co/hRHt7xvzWU",6,1,8,12/2/2021 12:30,146412,117,,India,A Greener Future,0
"1,466,380,968,525,180,000","‚òÉÔ∏èWhat's on your Christmas list? 

Share your hopes for a greener future in your cards to loved ones this year https://t.co/ORJZ5mehZj
(1/2)",0,0,0,12/2/2021 12:17,3060,2035,,"UK, EU",A Greener Future,0
"1,466,380,630,128,790,000","Today we saw the arrival of a further 4 new Skoda Superb Plug-in hybrids to further bolster our large nationwide fleet of replacement Taxi &amp; Chauffeur vehicles.
The addition of these vehicles further enhances our commitment to a greener future for us all.  #taxiaccident #fleet https://t.co/7fzwsF9ogI",0,0,0,12/2/2021 12:16,1356,3642,,Nationwide - Tel 03333 216290,A Greener Future,0
"1,466,380,017,424,740,000","RT @bjd_odisha: On this #NationalPollutionControlDay, let‚Äôs create awareness about perils of unhealthy environments and pledge to do our bi‚Ä¶",0,109,218,12/2/2021 12:13,7,11,,,A Greener Future,0
"1,466,379,790,764,710,000","Last week we visited the brand new #HydrogenHomesüè† in Gateshead!

Read the story üëâ https://t.co/mHP7iouGxB

@NGNgas @CadentGasLtd @beisgovuk https://t.co/9snDdOYOvJ",0,1,2,12/2/2021 12:12,692,335,,North East,A Greener Future,0
"1,466,379,109,466,920,000","Excited to be part of #MyBluKms Challenge 2.0! üöô By riding in all-electric cabs, I‚Äôm saving Delhi‚Äôs air from toxic emissions. @blusmartindia Join the rEVolution for a greener future! üå≥üå≥
#DelhiNeedsBlu https://t.co/k1No17emi8",0,0,0,12/2/2021 12:09,0,19,,,A Greener Future,0
"1,466,379,005,603,500,000","RT @scientix_eu: To ensure a future where our children can thrive, #NBSeducation is essential. Environmentally literate citizens can greatl‚Ä¶",0,9,18,12/2/2021 12:09,375,656,,,A Greener Future,0
"1,466,378,627,243,770,000",Delighted to be celebrating #NationalTreeWeek with our green-hearted corporate partners in Bicester today! We‚Äôll be planting trees and hedgerows with our @QGCanopy Jubilee Partners and others to help grow a greener future. https://t.co/0DKpMlQsuz,12,0,12,12/2/2021 12:08,20698,1076,,UK,A Greener Future,0
"1,466,378,433,877,920,000","RT @portaferrytrees: So the Council who‚Äôve voted twice to fell 14 mature trees for a car park in Portaferry, rejecting compromise option to‚Ä¶",0,11,22,12/2/2021 12:07,64,257,,Northern Ireland,A Greener Future,0
"1,466,376,637,268,870,000","Our Environmental Committee is continually working to promote a sustainable future to our colleagues and customer base and have already made some amazing steps towards a greener future. 

Find out more via our CSR brochure: https://t.co/rB6N7aEM3k https://t.co/2IqlBTre4I",1,0,1,12/2/2021 12:00,1014,1770,,Leeds,A Greener Future,0
"1,466,373,374,893,040,000",@rupertg @timdanton fans means heat means energy consumption. a data centre running on ARM processors might well be a lot cheaper to run (power and HVAC). This could be significant in a greener future.,0,0,0,12/2/2021 11:47,3629,727,,Huntingdon,A Greener Future,0
"1,466,372,898,344,500,000","Excited to be part of #MyBluKms Challenge 2.0! üöô By riding in all-electric cabs, I‚Äôm saving Delhi‚Äôs air from toxic emissions. @blusmartindia Join the rEVolution for a greener future! üå≥üå≥ https://t.co/7ArdL247ED",1,0,1,12/2/2021 11:45,679,941,,,A Greener Future,0
"1,466,368,619,856,670,000","RT @nptc_business: As always, a great publication to feature in. You can find our article on page 14 where we talk about working alongside‚Ä¶",0,1,2,12/2/2021 11:28,3524,3213,,,A Greener Future,0
"1,466,367,530,138,800,000",RT @COGENEurope: We were very pleased to have the opportunity of attending the #EnlitEurope Live Event in Milan this week. Thank you @Enlit‚Ä¶,0,2,4,12/2/2021 11:23,6633,1424,,,A Greener Future,0
"1,466,365,996,059,520,000","As always, a great publication to feature in. You can find our article on page 14 where we talk about working alongside our partners, industry leaders and organisations to help build a greener future. https://t.co/8WlFrcOP9Z",0,1,2,12/2/2021 11:17,484,1101,,"Neath, Wales",A Greener Future,0
"1,466,365,688,881,160,000","RT @ChairmanIOCL: To strengthen the national resolve for  #NetZero goals by 2070, as shared by Hon‚Äôble PM @narendramodi, #IndianOil will se‚Ä¶",0,60,120,12/2/2021 11:16,1,16,,,A Greener Future,0
"1,466,364,440,010,370,000","RT @COO_SIIL: With the world striving to meet carbon emission targets, #copper is emerging as the metal for the green transition. The shift‚Ä¶",0,3,6,12/2/2021 11:11,254,367,,TUTICORIN,A Greener Future,0
"1,466,361,019,358,390,000",RT @TheScotsman: Many #OilAndGas companies in #Aberdeen and the North-East of #Scotland will need to buy companies or capabilities to adapt‚Ä¶,0,1,2,12/2/2021 10:58,325,494,,Scotland,A Greener Future,0
"1,466,360,874,977,960,000",RT @COGENEurope: We were very pleased to have the opportunity of attending the #EnlitEurope Live Event in Milan this week. Thank you @Enlit‚Ä¶,0,2,4,12/2/2021 10:57,255,851,,"Brussels, Belgium",A Greener Future,0
"1,466,360,508,647,420,000",Many #OilAndGas companies in #Aberdeen and the North-East of #Scotland will need to buy companies or capabilities to adapt to a greener future. Learn more in our Deals special with @BrodiesLLP and @AAB_Accountants - https://t.co/I07qMFEJHO #ad,3,1,5,12/2/2021 10:56,187761,1274,,Scotland,A Greener Future,0
"1,466,359,078,339,450,000","Calling on all members of the African #diaspora to join and contribute to this inspiring event organised by Ashoka on creating a greener future for #Africa. Sign up here: https://t.co/3kAaUmXFyh

Thanks to Asier Ansorena for sharing! 

#diasporaengagement‚Ä¶https://t.co/agJcgdeXB3",0,1,2,12/2/2021 10:50,140,104,,"Buenos Aires, Argentina",A Greener Future,0
"1,466,358,867,374,140,000","RT @athanasiusphar1: In remembrance of the Bhopal gas, tragedy victims let us pledge to ensure &amp; build a pollution-free future for our plan‚Ä¶",0,1,2,12/2/2021 10:49,0,17,,,A Greener Future,0
"1,466,356,467,766,890,000","Excited to be part of #MyBluKms Challenge 2.0! üöô By riding in all-electric cabs, I‚Äôm saving Delhi‚Äôs air from toxic emissions. @blusmartindia Join the rEVolution for a greener future! üå≥üå≥
#DelhiNeedsBlu https://t.co/5jT5cHydgk",2,0,2,12/2/2021 10:40,1,1,,,A Greener Future,0
"1,466,356,193,341,760,000","Excited to be part of #MyBluKms Challenge 2.0! üöô By riding in all-electric cabs, I‚Äôm saving Delhi‚Äôs air from toxic emissions. @blusmartindia Join the rEVolution for a greener future! üå≥üå≥ https://t.co/GsJmyyVb1o",6,0,6,12/2/2021 10:38,85,341,,Delhi,A Greener Future,0
"1,466,354,764,166,300,000","@achyuta_samanta On this #NationalPollutionControlDay, 
let‚Äôs create awareness about perils of unhealthy environments &amp; pledge to do our bit to build a pollution free future for our planet &amp; people. 
A greener future is everyone‚Äôs responsibili",1,0,1,12/2/2021 10:33,195,21,,Bbsr,A Greener Future,0
"1,466,354,462,218,320,000","RT @bjd_odisha: On this #NationalPollutionControlDay, let‚Äôs create awareness about perils of unhealthy environments and pledge to do our bi‚Ä¶",0,109,218,12/2/2021 10:32,41,45,,odisha,A Greener Future,0
"1,466,352,182,303,800,000",Team of young Midlands Engine Green Growth Champions set out their vision for a greener¬†future https://t.co/S8NNsCvZrx,0,0,0,12/2/2021 10:22,2880,3225,,East Midlands,A Greener Future,0
"1,466,348,223,723,980,000","We were very pleased to have the opportunity of attending the #EnlitEurope Live Event in Milan this week. Thank you @Enlit_Europe!

Here are some photos of the Hub Session on 'Advancing #Cogeneration for a Greener Future', which was chaired by our Managing Director @KortewegHans https://t.co/42WklSjJfu",2,2,6,12/2/2021 10:07,3809,1580,,Brussels,A Greener Future,0
"1,466,346,955,257,380,000",RT @ForumForAg: Our #ForumforAg Chairman is on a mission to #decarbonise and #dematerialize sectors across the board. Let's make #agricultu‚Ä¶,0,4,8,12/2/2021 10:02,3855,1601,,"Paris, Ile-de-France",A Greener Future,0
"1,466,341,351,851,790,000","On this National Pollution Control Day, we keep our commitment to adopt the best practices and policies to support the sustainable eco system and behest all to unite together to stand for a greener future.

Let's pledge to give back to nature what we owe. https://t.co/cbSpAHFVY7",3,0,3,12/2/2021 9:39,558,59,,Gurugram,A Greener Future,0
"1,466,337,773,758,070,000","RT @scientix_eu: To ensure a future where our children can thrive, #NBSeducation is essential. Environmentally literate citizens can greatl‚Ä¶",0,9,18,12/2/2021 9:25,665,1227,,Uzayda bir yer,A Greener Future,0
"1,466,513,784,147,770,000","RT @JessiesFund: Huge thank you to The Lake House Charitable Foundation for supporting our @BigGive #ChristmasChallenge21. 

They are DOUBL‚Ä¶",0,1,2,12/2/2021 21:05,3272,3402,,"London, England",donation+lake,0
"1,466,513,445,973,630,000","Huge thank you to The Lake House Charitable Foundation for supporting our @BigGive #ChristmasChallenge21. 

They are DOUBLING donations, so one donation has twice the impact. 

We're so grateful to them, and everyone who has donated so far. 

https://t.co/dab6EIO9B5",1,1,3,12/2/2021 21:03,1498,804,,York,donation+lake,0
"1,466,488,859,211,050,000","A $250 donation was made by the Auditor John Petalas‚Äô staff, and a $160 donation came from Recorder Gina Pimentel‚Äôs staff. https://t.co/kUy80Y68zd",0,0,0,12/2/2021 19:26,63424,1774,,"Munster, IN",donation+lake,0
"1,466,486,788,281,830,000",Picture This: Grotto Pizza in Harveys Lake is getting in the Christmas spirit with their 26th Annual Parade of Trees that support local charities! Restaurant customers can check them out and vote for their favorite via dollar donation. üéÑ #DiscoverNEPA https://t.co/j0ccRQV8US,0,0,0,12/2/2021 19:17,1351,504,,"Wilkes-Barre, PA",donation+lake,0
"1,466,459,191,556,840,000","Earlier this week we made a $1000 donation to the Lake Country Community Fridge. This projects provides safe 24/7 access to free food for those in need within the community. 
Learn more about the community fridge and what donations are accepted here: https://t.co/22jYn2gdOp https://t.co/6C60uLFnvk",1,0,1,12/2/2021 17:28,1545,1225,,British Columbia,donation+lake,0
"1,466,439,043,009,360,000","The Clear Lake Evening Lions Club recently donated $500 for materials and supplies to Clear Creek Elementary School. The donation was the latest from the Lions‚Äô tip jar fund, collected from generous patrons of the Lions‚Äô popcorn stand at  Surf Ballroom events. #CLLionPride https://t.co/14FufiHaWo",1,0,1,12/2/2021 16:08,865,13,,"Clear Lake, Iowa",donation+lake,0
"1,466,431,225,132,900,000","When Luke Wiedenfeld began his tenure as the Lake Mills High School agriculture teacher and FFA advisor, he and the students wanted to have a small barn to use for educational purposes. Through grants and a donation, the L-Cat barn, a wooden structu‚Ä¶ https://t.co/LKuQIRCwuM",0,0,0,12/2/2021 15:37,453,117,,"Lake Mills, WI",donation+lake,0
"1,466,415,804,291,770,000","RT @leemunoz1313: Love Our Community Christmas Donation Drive!
Donations due December 3!!! Let's do our part to to make the holidays specia‚Ä¶",0,1,2,12/2/2021 14:35,738,230,,"Uniontown, OH",donation+lake,0
"1,466,415,739,003,300,000",RT @leemunoz1313: It's that time of year!¬†Please consider making donations to the LOC Christmas Donation Drive! Give your donation to any t‚Ä¶,0,6,12,12/2/2021 14:35,738,230,,"Uniontown, OH",donation+lake,0
"1,466,319,280,006,470,000",Residents get to see a full Lake Hume after special bus donation https://t.co/E2H3ljIYZU,0,0,0,12/2/2021 8:12,10034,973,,"Albury-Wodonga, Australia",donation+lake,0
"1,466,241,615,706,600,000",@NobodyEpic live right down the road in lake orion ü•∫ it was crazy scenes here yesterday‚Ä¶ will put in a donation as soon as i‚Äôm able‚Ä¶ hope your family is okay Joel ‚ù§Ô∏è,1,0,1,12/2/2021 3:03,600,538,,803 to the 810,donation+lake,0
"1,466,237,944,210,110,000",RT @9FamConnection: üõ∑ Join us at Top Golf Lake Mary this Sunday for the Stuff the Sleigh Drive Up Drop Off event! Your toy donation will ma‚Ä¶,0,1,2,12/2/2021 2:49,21319,1670,,The Sunshine State,donation+lake,0
"1,466,224,081,888,490,000","RT @quillindie: Takeaways from the @oncor Parkdale Lake donation to @DallasParkRec: 

‚ñ´Ô∏è Site of old power plant, decomm. in '05. Oncor say‚Ä¶",0,4,8,12/2/2021 1:53,2306,2416,,"Dallas, TX - Austin, TX",donation+lake,0
"1,466,216,143,304,200,000","RT @velveteenrabbi: Just made a small donation to @PPFA. That's what I can do today. My anxiety is surging and my heart is breaking, but th‚Ä¶",0,4,8,12/2/2021 1:22,82,111,,"SWMN Synod, ELCA",donation+lake,0
"1,466,212,218,660,390,000",Oncor donates 110-acres for parkland in Southeast Dallas https://t.co/UoAs85BsV6 via @DallasBizNews,1,0,1,12/2/2021 1:06,9851,838,,"Dallas, TX",donation+lake,0
"1,466,196,308,906,090,000","RT @USCleanPower: In honor of this week‚Äôs #GivingTuesday celebration, consider a donation to support our future clean energy leaders! Our #‚Ä¶",0,4,8,12/2/2021 0:03,483,5001,,"Washington, DC",donation+lake,0
"1,466,195,682,734,260,000","RT @artandseek: Oncor has gifted the @CityOfDallas 110 acres of land in southeast Dallas. The property, which includes Parkdale Lake, will‚Ä¶",0,3,6,12/2/2021 0:01,3529,1257,,"Austin, TX",donation+lake,0
"1,466,186,799,907,280,000","RT @artandseek: Oncor has gifted the @CityOfDallas 110 acres of land in southeast Dallas. The property, which includes Parkdale Lake, will‚Ä¶",0,3,6,12/1/2021 23:25,37141,5839,,Texas,donation+lake,0
"1,466,184,842,693,980,000","RT @artandseek: Oncor has gifted the @CityOfDallas 110 acres of land in southeast Dallas. The property, which includes Parkdale Lake, will‚Ä¶",0,3,6,12/1/2021 23:18,17962,2719,,Dallas/Fort Worth,donation+lake,0
"1,466,181,017,551,750,000",RT @myRichmondHill: Lake Wilcox Park users now have access to a life-saving Automated External Defibrillator (AED) that can be used in the‚Ä¶,0,1,2,12/1/2021 23:02,696,848,,"Richmond Hill, Ontario. Canada",donation+lake,0
"1,466,178,950,745,370,000","During the week of Dec 13, local branch staff from each Integris Community - Prince George, Quesnel, Vanderhoof, Fort St James, Fraser Lake, and Clinton - will select 2 local non-profits who will each receive a $500 donation. https://t.co/EvE3r6rwe1",0,0,0,12/1/2021 22:54,985,593,,8 branches in six communities,donation+lake,0
"1,466,169,922,908,820,000",Lake Wilcox Park users now have access to a life-saving Automated External Defibrillator (AED) that can be used in the event of a cardiac emergency thanks to a generous donation from @CYGHAofficial! https://t.co/4pU7XtT44A,1,1,3,12/1/2021 22:18,12539,349,,"Richmond Hill, Ontario, Canada",donation+lake,0
"1,466,163,286,416,640,000","RT @velveteenrabbi: Just made a small donation to @PPFA. That's what I can do today. My anxiety is surging and my heart is breaking, but th‚Ä¶",0,4,8,12/1/2021 21:52,148,184,,Colorado,donation+lake,0
"1,466,163,249,636,860,000","RT @velveteenrabbi: Just made a small donation to @PPFA. That's what I can do today. My anxiety is surging and my heart is breaking, but th‚Ä¶",0,4,8,12/1/2021 21:52,311,97,,,donation+lake,0
"1,466,154,735,984,020,000","RT @velveteenrabbi: Just made a small donation to @PPFA. That's what I can do today. My anxiety is surging and my heart is breaking, but th‚Ä¶",0,4,8,12/1/2021 21:18,41,413,,San Jose CA. USA,donation+lake,0
"1,466,150,507,567,840,000","Just made a small donation to @PPFA. That's what I can do today. My anxiety is surging and my heart is breaking, but this is the world we've got. Dear everyone who said we were being histrionic in 2016: go jump in a lake.",19,4,27,12/1/2021 21:01,6177,1889,,"Williamstown, MA",donation+lake,0
"1,466,145,949,319,920,000","üõ∑ Join us at Top Golf Lake Mary this Sunday for the Stuff the Sleigh Drive Up Drop Off event! Your toy donation will make a difference in a child's life. üöó 
@VEcholsWFTV @gwarmothwftv @MarthaSugalski @WFTV @TTerryWFTV https://t.co/685gm2BgJQ",1,1,3,12/1/2021 20:43,1363,113,,"Orlando, Florida",donation+lake,0
"1,466,126,131,048,980,000","Hi all, I'm looking to appeal to you. I've just registered to do a 26 mike hike around Ullswater lake, created a Just Giving page and need donations to help @macmillancancer @TeamMacmillan any donation is greatly appreciated. üôÇüôÇüôÇ
#ThankYou #mightyhike
https://t.co/6UDDY8TB9w",4,0,4,12/1/2021 19:24,477,1274,,Northumberland,donation+lake,0
"1,466,123,782,263,810,000","Resolution 2021-27 - Land Donation, Perpetual Easement
Land Donation, Perpetual Easement for the installation of drainage infrastructure to alleviate flooding at the entrance of Lake Wales History Museum @LW_Museum 
Sarah Kirkland, Utilities Director, reviewed this",0,0,0,12/1/2021 19:15,1855,279,,"Lake Wales, Florida 33853",donation+lake,0
"1,466,120,115,758,540,000",Parkdale Lake is located along White Rock Creek and was built in 1953 as a water storage site.  https://t.co/xuu43e62Pz,1,0,1,12/1/2021 19:00,35505,380,,Dallas,donation+lake,0
"1,466,104,384,899,760,000",RT @AdamBazaldua: This land donation is such exciting news for Southeast Dallas! Parks are critical to the quality of life for our resident‚Ä¶,0,2,4,12/1/2021 17:58,7149,4723,,"Garland, TX",donation+lake,0
"1,466,104,206,830,480,000","RT @USCleanPower: In honor of this week‚Äôs #GivingTuesday celebration, consider a donation to support our future clean energy leaders! Our #‚Ä¶",0,4,8,12/1/2021 17:57,1153,2448,,"Washington, DC",donation+lake,0
"1,466,103,369,647,500,000",RT @AdamBazaldua: This land donation is such exciting news for Southeast Dallas! Parks are critical to the quality of life for our resident‚Ä¶,0,2,4,12/1/2021 17:54,3092,1285,,"Dallas, TX",donation+lake,0
"1,466,086,962,700,460,000","Mayor Eric Johnson on Tuesday announced that Oncor Electric Delivery is donating 110 acres of land, including Parkdale Lake, to the City. https://t.co/lwXR33dW3z",1,0,1,12/1/2021 16:49,138,314,,"Dallas, TX",donation+lake,0
"1,466,083,864,695,220,000","I NEED ALL of you to help spread the word. Any donation would help. Help Clear Lake Wrestling get their first female wrestling coach. 

SHARE &amp; RETWEET please! ü§º‚Äç‚ôÄÔ∏è

https://t.co/XCkBY7Y1Xd",0,0,0,12/1/2021 16:36,45,100,,"Clear Lake, IA",donation+lake,0
"1,466,083,426,042,360,000",Oncor's donation of Parkdale Lake and surrounding areas in Southeast Dallas is the largest land commitment for the Dallas Park system since the 1930s. https://t.co/HizucusiIB,1,0,1,12/1/2021 16:35,6498,419,,"Dallas, Texas",donation+lake,0
"1,466,082,798,532,500,000",Oncor's donation of Parkdale Lake and surrounding areas in Southeast Dallas is the largest land commitment for the Dallas Park system since the 1930s. https://t.co/CdYdsLh38E,1,0,1,12/1/2021 16:32,6501,488,,"Dallas, Texas",donation+lake,0
"1,466,082,597,306,610,000",Oncor's donation of Parkdale Lake and surrounding areas in Southeast Dallas is the largest land commitment for the Dallas Park system since the 1930s. https://t.co/jVSjzuBO5n,1,0,1,12/1/2021 16:31,2995,273,,"Dallas, Texas",donation+lake,0
"1,466,082,416,498,460,000",Oncor's donation of Parkdale Lake and surrounding areas in Southeast Dallas is the largest land commitment for the Dallas Park system since the 1930s. https://t.co/TCMWqG0jh5,2,0,2,12/1/2021 16:31,1685,406,,"Dallas, Texas",donation+lake,0
"1,466,075,293,131,620,000",We wish to give a spirited THANK YOU to the Lake County Sheriff's Office and Concord Township Fire Department for the donation delivery today including new toys!! ü§≤üíñ https://t.co/8G9StSE2NO,1,0,1,12/1/2021 16:02,198,129,,"25 Freedom Rd, Painesville Twp",donation+lake,0
"1,466,074,717,887,020,000",Get a $5 bonus donation for Lake/Cook Audubon Society when you join now and shop by 1/1! Earn more for Lake/Cook Audubon Society everytime you shop! https://t.co/QXJzUDk2SR #iGiveDoYou,0,0,0,12/1/2021 16:00,1191,203,,"Lake County, Illinois",donation+lake,0
"1,466,066,076,878,440,000","RT @USCleanPower: In honor of this week‚Äôs #GivingTuesday celebration, consider a donation to support our future clean energy leaders! Our #‚Ä¶",0,4,8,12/1/2021 15:26,2702,1989,,"Annapolis, MD",donation+lake,0
"1,466,060,726,074,840,000","RT @USCleanPower: In honor of this week‚Äôs #GivingTuesday celebration, consider a donation to support our future clean energy leaders! Our #‚Ä¶",0,4,8,12/1/2021 15:04,4750,1275,,"Washington, DC",donation+lake,0
"1,466,057,642,133,130,000","In honor of this week‚Äôs #GivingTuesday celebration, consider a donation to support our future clean energy leaders! Our #CLEANPOWER2021 service project will benefit @BGC_SaltLake's #STEM program. Learn more in a new blog from @HannonArmstrong's @giljenkins.https://t.co/4boDhDqv6s",6,4,14,12/1/2021 14:52,79813,11220,,"Washington, D.C.",donation+lake,0
"1,466,056,639,472,040,000",Oncor donates 110-acres for parkland in Southeast Dallas https://t.co/wye3YkyBUL,1,0,1,12/1/2021 14:48,2490,4784,,"Fort Worth, Texas USA",donation+lake,0
"1,466,045,555,667,310,000","RT @Pres_Chicago: Miracles do happen.

With bulldozers idling in the parking lot, the odds of saving the Lake Street Tied House were slim.‚Ä¶",0,36,72,12/1/2021 14:04,2678,4625,,Montr√©al. Tio‚Äôtia:ke.,donation+lake,0
"1,466,037,304,716,310,000","I am participating in my 11th Penguin Plunge Fundraiser for the Special Olympics of Vermont. Please make a donation by clicking the link to my fundraising page. I don‚Äôt jump into Lake Champlain in February for just any reason.
Link: https://t.co/8DIhXVR52b
 #specialolympics https://t.co/Y34iDkpbv6",0,0,0,12/1/2021 13:31,29,297,,Essex Junction,donation+lake,0
"1,466,036,284,816,770,000","RT @Pres_Chicago: Miracles do happen.

With bulldozers idling in the parking lot, the odds of saving the Lake Street Tied House were slim.‚Ä¶",0,36,72,12/1/2021 13:27,1775,765,,"Illinois, USA",donation+lake,0
"1,466,024,395,214,930,000","RT @Pres_Chicago: Miracles do happen.

With bulldozers idling in the parking lot, the odds of saving the Lake Street Tied House were slim.‚Ä¶",0,36,72,12/1/2021 12:40,462,532,,Earth somehow,donation+lake,0
"1,466,023,537,731,330,000","Oncor has gifted the @CityOfDallas 110 acres of land in southeast Dallas. The property, which includes Parkdale Lake, will be converted into a public park &amp; offer recreation opportunities for all citizens &amp; enhance the quality of life for nearby residents. https://t.co/GjrpjRKoF5 https://t.co/dfbLMHIag6",14,3,20,12/1/2021 12:37,12561,569,,North Texas,donation+lake,0
"1,465,894,075,442,330,000","Waterway restoration works complete in Lake Macquarie 
https://t.co/aG78WUkPNV
#AusPol #Bank #Community #Council #Donation #Environment #Government #Grant #GrantsProgram #LakeMacquarie #LocalGovernment #Minister #NewSouthWales #NSW #Project #Secretary #Spending https://t.co/nUK55Q0PW1",0,0,0,12/1/2021 4:02,587,16,,Australia,donation+lake,0
"1,465,893,707,417,320,000","WE'RE CURRENTLY IN 1st PLACE! üèÜ HELP US STAY THERE THROUGH MIDNIGHT PST! Thank you to those who have already donated. ¬†If you haven't yet, each #GivingTuesday donation, no matter how much, gets us closer to winning $3,500! DONATE HERE ‚û°Ô∏è https://t.co/iiwPVPWO3e
#givingtuesday https://t.co/PfRAAhHFee",1,0,1,12/1/2021 4:01,34,11,,"Tahoe City, California",donation+lake,0
"1,465,887,344,469,230,000","RT @Pres_Chicago: Miracles do happen.

With bulldozers idling in the parking lot, the odds of saving the Lake Street Tied House were slim.‚Ä¶",0,36,72,12/1/2021 3:35,449,666,,,donation+lake,0
"1,465,886,653,843,650,000","RT @Pres_Chicago: Miracles do happen.

With bulldozers idling in the parking lot, the odds of saving the Lake Street Tied House were slim.‚Ä¶",0,36,72,12/1/2021 3:33,73,167,,McDonaldlandistan,donation+lake,0
"1,465,883,915,084,830,000","RT @Pres_Chicago: Miracles do happen.

With bulldozers idling in the parking lot, the odds of saving the Lake Street Tied House were slim.‚Ä¶",0,36,72,12/1/2021 3:22,1898,816,,Woodlawn---Chicago,donation+lake,0
"1,465,876,863,482,530,000","Last call! You can still help us make this a record-breaking #GivingTuesday for Mono Lake through midnight. Every donation goes directly toward our protection, restoration, education, and scientific research work here at Mono Lake. Donate at https://t.co/Hym5bhgnBV. Thank you! https://t.co/LeAjye2Xgc",0,0,0,12/1/2021 2:54,1730,113,,"Lee Vining, California",donation+lake,0
"1,465,875,524,597,730,000",RT @KenKalthoffNBC5: .@Johnson4Dallas announces 110 acre park land donation from @oncor including Parkdale Lake and segment of the 50 mile‚Ä¶,0,6,12,12/1/2021 2:48,277,156,,"Dallas, TX",donation+lake,0
"1,465,871,920,222,590,000","This land donation is such exciting news for Southeast Dallas! Parks are critical to the quality of life for our residents, and Parkdale Lake has so much potential to bring recreation programming while also acting as a catalyst for economic growth (1/2) https://t.co/ZQeC1WVPgh",16,2,20,12/1/2021 2:34,2223,1336,,"Dallas, TX",donation+lake,0
"1,465,867,496,070,600,000","To join TeamFCA by supporting the ministry efforts at East Lake, go to https://t.co/629UfN8AHU https://t.co/iNqhLAchDK",0,0,0,12/1/2021 2:17,1288,883,,"Chattanooga, TN",donation+lake,0
"1,465,865,540,317,160,000","RT @Pres_Chicago: Miracles do happen.

With bulldozers idling in the parking lot, the odds of saving the Lake Street Tied House were slim.‚Ä¶",0,36,72,12/1/2021 2:09,166,413,,"Mequon, WI",donation+lake,0
"1,465,862,052,392,670,000","RT @Pres_Chicago: Miracles do happen.

With bulldozers idling in the parking lot, the odds of saving the Lake Street Tied House were slim.‚Ä¶",0,36,72,12/1/2021 1:55,686,870,,"Chicago, IL",donation+lake,0
"1,465,850,114,761,750,000","RT @quillindie: Takeaways from the @oncor Parkdale Lake donation to @DallasParkRec: 

‚ñ´Ô∏è Site of old power plant, decomm. in '05. Oncor say‚Ä¶",0,4,8,12/1/2021 1:07,1478,1194,,"Dallas, Texas",donation+lake,0
"1,465,848,119,762,070,000","Bacteriological monitors can play an important role in monitoring public beaches and other recreational areas to protect human health. Lake Logan Martin has resolved two high bacteria count instances.
Protect Alabama's waters by making a donation, See link in bio.
#GivingTuesday https://t.co/WDex4J9ZEG",0,0,0,12/1/2021 1:00,235,258,,"Alabama, USA",donation+lake,0
"1,465,848,001,415,580,000","RT @quillindie: Takeaways from the @oncor Parkdale Lake donation to @DallasParkRec: 

‚ñ´Ô∏è Site of old power plant, decomm. in '05. Oncor say‚Ä¶",0,4,8,12/1/2021 0:59,698,833,,"Dallas, TX",donation+lake,0
"1,465,847,574,473,100,000","RT @quillindie: Takeaways from the @oncor Parkdale Lake donation to @DallasParkRec: 

‚ñ´Ô∏è Site of old power plant, decomm. in '05. Oncor say‚Ä¶",0,4,8,12/1/2021 0:57,2983,3193,,"Dallas, TX",donation+lake,0
"1,465,847,389,378,550,000","RT @quillindie: Big parks news! Oncor has donated 110 acres in southeast Dallas, including Parkdale Lake, to create a new park. It‚Äôs the bi‚Ä¶",0,6,12,12/1/2021 0:57,2983,3193,,"Dallas, TX",donation+lake,0
"1,465,829,263,072,970,000","RT @Pres_Chicago: Miracles do happen.

With bulldozers idling in the parking lot, the odds of saving the Lake Street Tied House were slim.‚Ä¶",0,36,72,11/30/2021 23:45,160,872,,Somewhere saving the bees,donation+lake,0
"1,465,828,774,134,660,000","Takeaways from the @oncor Parkdale Lake donation to @DallasParkRec: 

‚ñ´Ô∏è Site of old power plant, decomm. in '05. Oncor says the land's been cleaned up. 

‚ñ´Ô∏èNew park will help complete @TheLoopDallas trail project. 

‚ñ´Ô∏è Trail work could start next year.

https://t.co/mprHzJtsUA",8,4,16,11/30/2021 23:43,1093,1385,,"Dallas, TX",donation+lake,0
"1,465,825,887,325,140,000","RT @Pres_Chicago: Miracles do happen.

With bulldozers idling in the parking lot, the odds of saving the Lake Street Tied House were slim.‚Ä¶",0,36,72,11/30/2021 23:31,1055,1591,,"Chicago, IL",donation+lake,0
"1,465,821,882,834,460,000","RT @Pres_Chicago: Miracles do happen.

With bulldozers idling in the parking lot, the odds of saving the Lake Street Tied House were slim.‚Ä¶",0,36,72,11/30/2021 23:15,1428,1811,,"Chicago, IL",donation+lake,0
"1,465,820,565,260,750,000","RT @craftlakecity: Today's the big day! üéâ Diane Stewart of @modernwest will be MATCHING the first $1,000 in donations received today for #g‚Ä¶",0,1,2,11/30/2021 23:10,670,1355,,Utah,donation+lake,0
"1,465,810,884,635,270,000",RT @WBLAEF: Thank you Rotary Club of White Bear Lake for your support and donation! We cannot do what we do without support from organizati‚Ä¶,0,2,4,11/30/2021 22:32,1779,383,,"White Bear Lake, MN ",donation+lake,0
"1,465,810,377,346,880,000",RT @WBLAEF: Thank you Rotary Club of White Bear Lake for your support and donation! We cannot do what we do without support from organizati‚Ä¶,0,2,4,11/30/2021 22:30,106,57,,"White Bear Lake, Minnesota",donation+lake,0
"1,465,809,827,259,620,000","RT @quillindie: Big parks news! Oncor has donated 110 acres in southeast Dallas, including Parkdale Lake, to create a new park. It‚Äôs the bi‚Ä¶",0,6,12,11/30/2021 22:27,299,309,,"Dallas, TX",donation+lake,0
"1,465,809,547,004,630,000",RT @KenKalthoffNBC5: .@Johnson4Dallas announces 110 acre park land donation from @oncor including Parkdale Lake and segment of the 50 mile‚Ä¶,0,6,12,11/30/2021 22:26,6100,3694,,"Dallas, TX",donation+lake,0
"1,465,808,403,020,880,000","RT @Pres_Chicago: Miracles do happen.

With bulldozers idling in the parking lot, the odds of saving the Lake Street Tied House were slim.‚Ä¶",0,36,72,11/30/2021 22:22,55,191,,"Yellow Springs, OH",donation+lake,0
"1,465,806,931,835,160,000","RT @quillindie: Big parks news! Oncor has donated 110 acres in southeast Dallas, including Parkdale Lake, to create a new park. It‚Äôs the bi‚Ä¶",0,6,12,11/30/2021 22:16,4092,3473,,"Dallas, TX",donation+lake,0
"1,465,804,095,608,990,000",People can make a tax-deductible holiday donation to support the Lake Geneva Public Library‚Äôs renovation project. https://t.co/cuSJg5BER6,0,0,0,11/30/2021 22:05,367,10,,,donation+lake,0
"1,465,803,842,495,420,000",People can make a tax-deductible holiday donation to support the Lake Geneva Public Library‚Äôs renovation project. https://t.co/bBLTD8jG6T,0,0,0,11/30/2021 22:04,70,121,,"Lake Geneva, WI",donation+lake,0
"1,465,802,706,623,340,000","RT @GLCS_Foundation: It's Giving Tuesday, and these wonderful Gull Lake Ryan Intermediate 4th-graders have an important message for you.  P‚Ä¶",0,1,2,11/30/2021 21:59,46,62,,,donation+lake,0
"1,465,800,541,028,720,000","RT @quillindie: Big parks news! Oncor has donated 110 acres in southeast Dallas, including Parkdale Lake, to create a new park. It‚Äôs the bi‚Ä¶",0,6,12,11/30/2021 21:50,487,988,,,donation+lake,0
"1,465,800,272,295,470,000","RT @quillindie: Big parks news! Oncor has donated 110 acres in southeast Dallas, including Parkdale Lake, to create a new park. It‚Äôs the bi‚Ä¶",0,6,12,11/30/2021 21:49,1678,580,,,donation+lake,0
"1,465,799,594,906,990,000","RT @quillindie: Big parks news! Oncor has donated 110 acres in southeast Dallas, including Parkdale Lake, to create a new park. It‚Äôs the bi‚Ä¶",0,6,12,11/30/2021 21:47,2496,5001,,"Dallas, TX",donation+lake,0
"1,465,798,350,268,240,000",RT @KenKalthoffNBC5: .@Johnson4Dallas announces 110 acre park land donation from @oncor including Parkdale Lake and segment of the 50 mile‚Ä¶,0,6,12,11/30/2021 21:42,5012,2627,,"Dallas, Texas",donation+lake,0
"1,465,794,694,336,630,000",RT @LSRCA: It's #GivingTuesday and we'd like to give a shoutout to the Lake Simcoe Conservation Foundation and the amazing work they do to‚Ä¶,0,2,4,11/30/2021 21:27,31222,1889,,"Newmarket, Ontario",donation+lake,0
"1,465,791,515,553,320,000",RT @KenKalthoffNBC5: .@Johnson4Dallas announces 110 acre park land donation from @oncor including Parkdale Lake and segment of the 50 mile‚Ä¶,0,6,12,11/30/2021 21:15,39986,2469,,"Dallas, Texas USA",donation+lake,0
"1,465,791,298,393,280,000","RT @Pres_Chicago: Miracles do happen.

With bulldozers idling in the parking lot, the odds of saving the Lake Street Tied House were slim.‚Ä¶",0,36,72,11/30/2021 21:14,418,803,,guayakill,donation+lake,0
"1,465,790,831,500,180,000","Big parks news! Oncor has donated 110 acres in southeast Dallas, including Parkdale Lake, to create a new park. It‚Äôs the biggest donation of land in the city since the 30s üå≥ https://t.co/rJmzFWqFfx",21,6,33,11/30/2021 21:12,1093,1385,,"Dallas, TX",donation+lake,0
"1,465,790,707,499,670,000","RT @Pres_Chicago: Miracles do happen.

With bulldozers idling in the parking lot, the odds of saving the Lake Street Tied House were slim.‚Ä¶",0,36,72,11/30/2021 21:11,5734,1277,,60637,donation+lake,0
"1,465,787,872,221,570,000","Your #GivingTuesday ‚ù§Ô∏è donation will introduce youth to coastal conservation and inspire them to protect the Lake Huron shoreline. üåäüå±

Make your donation today at https://t.co/8kEwCqddxe or click the link in our bio! https://t.co/wNIz2dEjlD",0,0,0,11/30/2021 21:00,2003,728,,"Goderich, Ontario",donation+lake,0
"1,465,787,420,956,360,000","Happy #GivingTuesday21! You can support #LakeStreet by making a direct donation to the Lake Street Council.

https://t.co/YA80GcYkgx",1,0,1,11/30/2021 20:58,13731,2003,,"Minneapolis, MN",donation+lake,0
"1,465,787,247,505,060,000",RT @LSRCA: It's #GivingTuesday and we'd like to give a shoutout to the Lake Simcoe Conservation Foundation and the amazing work they do to‚Ä¶,0,2,4,11/30/2021 20:58,4434,4952,,"Holland Marsh, Ontario",donation+lake,0
"1,465,787,188,994,620,000",RT @KenKalthoffNBC5: .@Johnson4Dallas announces 110 acre park land donation from @oncor including Parkdale Lake and segment of the 50 mile‚Ä¶,0,6,12,11/30/2021 20:57,2983,3193,,"Dallas, TX",donation+lake,0
"1,465,784,242,747,570,000",RT @KenKalthoffNBC5: .@Johnson4Dallas announces 110 acre park land donation from @oncor including Parkdale Lake and segment of the 50 mile‚Ä¶,0,6,12,11/30/2021 20:46,203,1038,,"Fort Worth, Texas",donation+lake,0
"1,465,783,442,365,360,000",.@Johnson4Dallas announces 110 acre park land donation from @oncor including Parkdale Lake and segment of the 50 mile loop trail! Neighbor reaction? 4&amp;5pm! NBC5! @NBCDFW https://t.co/ykyE6hE4aJ,20,6,32,11/30/2021 20:43,9681,5109,,"Dallas, Texas",donation+lake,0
"1,465,782,717,803,470,000","Lake Odessa Community Library

https://t.co/cdDyKsBKSw

A few years back, a Twitter follower reached out and asked me to make a donation to this library which is a huge resource for her daughter who has autism.  It‚Äôs a small community and help is scarce.  

(37/54)",0,0,0,11/30/2021 20:40,1532,295,,,donation+lake,0
"1,465,782,467,932,160,000","Grew up on the lake, what a wonderful donation idea! https://t.co/OrxpDw1B0Y",1,0,1,11/30/2021 20:39,2,101,,"Loveland, OH",donation+lake,0
"1,465,780,173,173,710,000","Thank you Rotary Club of White Bear Lake for your support and donation! We cannot do what we do without support from organizations like yours!
#WBLAEF https://t.co/xnGTPDJNSe",4,2,8,11/30/2021 20:30,530,312,,"White Bear Lake, MN",donation+lake,0
"1,465,776,997,616,040,000","RT @Pres_Chicago: Miracles do happen.

With bulldozers idling in the parking lot, the odds of saving the Lake Street Tied House were slim.‚Ä¶",0,36,72,11/30/2021 20:17,5,59,,,donation+lake,0
"1,465,775,169,335,610,000","RT @Pres_Chicago: Miracles do happen.

With bulldozers idling in the parking lot, the odds of saving the Lake Street Tied House were slim.‚Ä¶",0,36,72,11/30/2021 20:10,2053,2532,,"New York, NY",donation+lake,0
